price_range,ram,battery_power,px_width,px_height,int_memory,sc_w,pc,three_g,sc_h
1,2549,842,756,128,7,7,2,0,9
2,2631,1021,1988,905,53,3,6,1,17
2,2603,563,1716,1263,41,2,6,1,11
2,2769,615,1786,1216,10,8,9,1,16
1,1411,1821,1212,1208,44,2,14,1,8
1,1067,1859,1654,1004,22,2,7,1,17
3,3220,1821,1018,381,10,8,10,1,13
0,700,1954,1149,512,24,3,0,1,16
0,1099,1445,836,386,53,2,14,1,17
0,513,509,1224,1137,9,10,15,1,19
3,3946,769,874,248,9,2,1,0,5
3,3826,1520,1005,151,33,9,18,1,14
1,1482,1815,748,607,33,2,17,1,18
2,2680,803,1440,344,17,2,11,1,7
0,373,1866,563,356,52,9,17,1,14
0,568,775,1864,862,46,15,16,1,17
3,3554,838,1850,984,13,9,4,1,10
3,3752,595,810,441,23,2,17,1,10
1,1835,1131,878,658,49,13,18,1,19
1,2337,682,1064,902,19,2,11,0,11
3,2819,772,1854,1314,39,15,14,1,17
3,3283,1709,1385,974,13,2,2,1,17
1,1433,1949,822,407,47,5,7,0,11
0,1037,1602,788,466,38,7,20,1,8
1,2583,503,1245,201,8,2,13,1,11
2,2782,961,1434,291,57,9,3,1,18
3,3763,519,645,550,51,2,19,1,16
3,3286,956,1075,511,41,8,6,1,17
2,2373,1453,1311,187,52,2,18,1,10
0,478,851,1263,1171,21,7,7,1,12
3,3532,1579,1739,1358,5,11,9,0,17
0,508,1568,654,413,33,2,20,1,5
1,2227,1319,1152,128,41,5,18,1,18
3,3845,1310,1919,178,51,2,0,1,7
0,1262,644,881,311,22,2,3,1,12
1,1326,725,1249,1134,60,4,17,1,10
1,2113,589,815,429,61,7,10,1,13
3,3429,1725,1307,609,6,5,18,1,6
2,3169,790,730,347,11,2,17,1,6
2,2150,560,1613,1448,50,12,20,1,18
2,2484,1347,967,434,44,2,14,1,18
3,3339,1646,1932,1725,41,10,10,1,18
1,1878,1253,714,685,5,2,19,1,15
1,1629,1656,1456,880,34,12,7,1,15
0,504,1195,1652,1580,20,3,14,1,9
1,1152,1514,1810,186,27,3,1,0,8
3,3587,1723,1791,202,42,5,14,1,10
1,2296,1054,774,128,40,12,10,1,16
0,1270,578,1433,1025,57,3,8,1,15
3,3238,596,1854,885,64,13,15,0,16
2,2059,1547,1832,1042,14,2,19,1,5
2,2053,1760,1383,1382,63,12,19,0,19
3,3112,1654,629,546,43,5,0,1,12
1,1440,1457,1287,1013,16,8,10,1,17
2,2908,1073,804,690,51,2,0,0,6
2,2552,1936,1036,667,46,7,20,1,14
0,905,823,1449,822,60,11,19,1,14
3,3963,987,820,581,61,4,9,1,9
1,2056,1757,713,265,49,5,14,0,7
2,2910,1063,683,128,48,13,4,1,15
1,1457,1484,969,916,12,4,5,1,14
0,431,799,975,361,63,6,6,1,15
0,470,1156,547,322,50,2,0,1,7
2,2148,1720,1353,753,55,2,18,1,14
2,2955,702,1570,504,9,4,3,1,10
3,3366,616,1618,651,44,8,17,1,18
3,3068,1358,1858,1565,36,4,14,1,9
3,3834,1866,1781,128,30,11,0,0,16
0,1050,1242,1225,459,10,2,1,1,11
3,3993,1166,603,205,43,2,1,1,7
3,3378,1448,1724,570,45,11,11,1,13
2,2192,1407,1217,1172,22,7,4,1,9
0,392,605,1026,160,9,6,16,1,15
3,3709,1038,638,128,43,2,5,1,11
0,590,797,1413,763,38,2,6,0,9
1,1814,819,1242,339,42,4,20,1,5
0,907,1114,1071,1040,9,7,15,1,10
0,1449,1234,778,166,33,7,3,0,11
3,3448,1199,1552,1168,16,13,20,1,17
1,1837,1103,1486,990,29,7,8,0,8
3,3464,1589,1206,319,58,10,7,1,19
2,2593,999,1616,1397,64,11,19,1,14
3,3484,1510,1752,708,45,6,3,0,9
1,2009,1008,1122,1077,61,3,15,1,10
1,2048,1127,1049,928,57,5,13,1,11
1,837,1412,1894,516,25,9,17,0,15
0,854,1496,741,128,42,2,5,0,16
3,3210,1083,1118,1025,64,3,11,1,13
2,2746,668,1203,666,3,5,13,1,9
2,2334,1309,1402,557,33,2,14,1,10
3,2822,1724,1924,1605,57,3,5,1,19
2,1971,1977,1242,1226,54,7,18,1,18
0,1410,885,802,769,15,10,0,1,16
0,349,879,1105,403,14,10,15,1,16
1,1418,1322,1990,177,7,17,9,0,19
3,3616,1137,1179,942,7,5,19,1,13
0,880,1355,891,651,23,4,16,1,19
2,1601,1665,1684,1572,60,17,18,1,18
0,1412,657,961,476,37,3,1,0,14
1,1692,593,1317,1233,31,2,7,1,6
3,2600,1883,1739,836,10,8,13,1,16
1,1308,1732,881,824,12,7,9,1,16
1,2413,543,984,391,57,14,4,1,17
0,1047,1939,520,320,55,10,10,1,14
0,1204,553,902,325,8,4,3,1,11
1,1799,832,1504,128,39,2,3,1,5
3,2676,1661,1634,846,23,6,10,0,12
3,2597,1657,1796,1770,42,2,16,1,18
3,3029,1135,1846,293,46,17,4,1,19
3,2343,1775,1869,1633,41,13,7,1,19
1,2016,783,1471,1198,43,4,4,1,16
1,2213,617,874,768,32,13,20,0,18
0,790,867,1974,128,4,6,1,1,13
2,3182,1310,513,128,7,4,14,1,8
3,3472,1804,1244,1158,22,2,19,1,9
3,2871,1900,1661,1055,18,2,9,1,12
2,3187,909,973,635,53,9,0,1,12
1,1945,1084,771,322,40,4,11,1,15
0,488,1308,989,275,46,3,12,0,5
1,1214,1778,1954,1445,15,2,0,1,5
2,2598,1701,1338,550,10,9,7,0,12
3,3242,772,1712,1242,10,11,2,1,18
3,3534,825,863,597,52,4,10,0,10
3,3426,1379,1376,538,36,4,7,1,5
2,2488,1166,1203,128,25,5,4,1,13
3,3255,1659,902,819,16,14,20,0,19
2,2863,826,786,179,58,3,1,1,9
1,1496,1564,1965,1259,25,4,17,1,6
3,3801,1957,1732,396,31,2,16,1,12
0,666,1571,1398,713,19,10,1,1,12
3,3799,1414,829,262,54,7,3,1,17
1,1366,1790,792,622,2,2,14,1,7
2,2962,645,580,327,41,9,10,1,12
1,2399,668,1056,522,30,5,12,1,10
2,2338,1652,1264,313,36,8,5,0,12
2,2700,1213,1248,226,16,3,0,0,12
1,2235,1272,669,605,22,4,8,1,19
3,3825,866,1686,692,46,11,7,1,12
0,284,536,1539,1386,3,9,14,1,12
0,1427,523,1042,304,14,2,2,0,9
2,1324,1753,1926,1590,31,2,18,1,17
0,398,1218,616,229,14,2,4,1,17
3,3685,1537,1131,839,43,17,5,1,18
2,2390,786,1697,507,33,11,6,1,12
0,278,1678,536,436,64,2,11,1,19
3,3556,1814,786,756,9,12,2,1,18
1,2196,1101,1269,387,31,6,7,0,12
3,3799,1461,1298,1265,40,2,4,1,16
2,2268,1216,1967,1852,47,5,7,0,13
2,2965,506,1025,875,41,10,7,1,13
1,2341,843,800,140,56,2,17,1,10
3,3557,742,1359,577,56,11,14,0,16
1,1354,1692,1996,975,61,7,12,1,16
2,2147,1485,1013,510,32,2,9,1,19
0,505,1547,590,583,45,2,8,0,12
1,1394,1692,1925,674,46,10,6,1,16
0,374,637,1989,1125,60,4,4,1,18
0,506,1224,826,747,6,2,18,1,10
3,3702,1356,1983,1612,29,2,0,0,17
1,1078,1840,1545,311,34,2,16,0,8
2,2945,1481,1533,128,37,5,13,1,10
2,2981,961,621,554,51,6,16,1,15
0,490,1296,1272,811,14,2,3,1,7
0,536,1193,1729,730,26,14,20,1,17
2,2317,1441,1071,577,3,4,17,1,16
3,3704,517,974,660,33,16,8,1,17
1,2126,748,1554,450,27,9,4,1,18
2,2050,1126,1611,1223,10,6,3,1,7
3,2462,1572,1937,1109,58,8,8,1,12
1,1260,1569,1942,128,44,2,20,1,9
3,3770,1270,845,299,32,3,6,1,5
1,1886,1854,627,506,8,4,5,1,17
2,3323,625,842,635,10,2,8,1,9
2,2060,1577,1737,1045,42,6,4,1,19
3,3926,534,1199,393,16,12,1,1,16
2,2177,946,1740,650,25,5,15,1,7
0,728,685,648,433,29,8,10,0,14
3,2478,1949,1136,839,23,8,1,1,14
2,2842,947,1220,1176,22,12,13,1,16
1,1617,801,879,650,63,4,4,0,17
0,1472,703,1065,218,30,7,20,1,14
0,764,1165,831,564,41,12,12,1,19
2,2337,1082,1191,986,38,2,5,0,6
3,3965,959,1631,561,20,2,19,1,16
3,3693,1502,588,128,54,14,12,1,17
0,797,1380,500,420,4,2,13,1,13
2,1687,1266,1698,1365,5,2,9,1,11
3,2940,1934,1299,619,46,9,17,1,13
1,1545,1905,898,849,6,5,5,1,9
3,3834,1831,1381,611,43,7,5,1,17
1,2505,596,984,953,46,4,18,1,15
2,2243,1562,1533,642,7,10,15,1,12
3,3600,1490,1464,1417,64,9,8,1,17
3,3971,1523,539,247,57,12,6,1,18
2,2844,640,1179,710,20,5,15,1,7
2,2227,1526,751,718,23,10,8,1,18
2,1665,1989,1497,1100,41,9,13,1,17
3,3355,1308,1215,128,61,2,7,1,15
1,1866,609,1948,938,26,10,4,1,11
1,1287,1905,1542,825,36,4,20,1,13
0,1046,1703,1235,286,22,4,0,1,5
1,1441,1445,1345,1273,20,4,15,1,7
0,690,1087,589,295,16,6,9,1,14
2,2504,671,1182,852,30,4,17,1,6
2,2677,1472,1052,710,61,15,19,1,19
2,2243,765,1429,1277,47,7,1,1,11
2,2984,1642,873,129,8,4,17,1,13
1,1362,1265,836,690,49,2,16,0,5
3,3629,664,1478,701,51,15,4,1,19
3,3559,1277,1460,309,35,17,6,1,18
2,2571,1395,705,213,23,2,1,1,11
2,2107,1539,1666,1112,41,9,0,1,15
0,1022,1049,1077,199,63,3,17,0,11
2,2844,1827,1020,128,39,9,16,1,14
0,711,903,1235,1230,50,5,0,1,9
3,3117,1987,1516,1052,53,5,7,1,18
0,978,1154,1499,541,49,3,2,1,5
1,1869,1336,583,128,17,2,9,1,13
1,1179,1886,1958,809,24,7,1,1,16
3,3844,1551,1995,1738,51,8,6,0,11
0,593,850,642,404,29,17,19,1,19
0,588,660,1178,262,40,5,10,1,6
3,3836,1225,1404,759,13,11,12,0,12
2,2669,1452,1040,128,25,10,11,1,12
3,2958,1686,1453,397,38,11,4,0,14
3,3031,1634,1677,964,17,6,5,1,11
3,3388,1708,517,233,49,4,19,1,6
2,2377,1151,1560,1022,31,8,1,0,18
2,2458,1578,1226,411,37,16,19,1,19
3,2766,1689,1200,954,24,2,18,0,7
3,3054,1488,1647,1528,39,10,6,0,14
3,3791,1313,1308,416,9,10,6,0,11
0,625,1715,1615,638,31,6,17,1,17
1,2227,1442,687,231,27,5,19,1,6
2,3256,528,637,574,6,8,15,1,9
0,707,1523,1606,148,11,8,8,1,19
1,1457,1133,1543,730,42,12,12,1,18
3,3755,1718,980,564,6,2,16,1,7
1,1733,1330,1441,1290,38,2,1,1,9
0,720,1799,1383,632,49,2,2,1,12
2,3560,633,1009,529,49,2,1,1,11
2,2311,724,1754,1273,44,6,0,1,7
3,3846,822,860,667,51,2,20,1,10
2,1717,1918,1543,1170,10,2,10,1,7
3,3704,1891,1108,169,37,6,14,1,8
3,3800,1373,673,128,50,3,12,1,8
0,278,862,1758,793,23,3,15,0,16
1,1767,1273,886,490,48,15,15,1,18
1,1846,957,1485,1201,7,5,10,1,12
0,829,1617,1038,246,30,2,4,1,9
2,2986,893,946,417,55,2,1,0,7
2,2394,1210,1462,1177,63,9,0,0,17
1,2169,708,654,128,63,5,7,1,6
0,1181,835,1604,323,7,5,7,1,13
0,575,1450,1882,707,19,9,17,0,15
2,2977,973,1816,457,57,4,16,1,6
0,532,601,765,356,4,8,13,1,12
1,1702,507,1398,936,32,2,11,1,17
0,1074,564,1980,912,51,8,1,1,14
3,3352,1559,1559,179,6,2,17,1,9
1,1027,754,1928,1914,59,3,10,1,6
1,2039,728,1529,526,25,2,1,1,5
0,461,1431,952,156,56,3,1,1,7
0,527,767,1517,344,28,2,10,0,10
3,3271,1722,1741,865,18,2,16,1,14
1,606,1992,1596,1552,57,3,15,1,9
3,2513,1876,1564,546,40,8,14,1,10
1,1675,1054,1222,1097,38,4,12,1,18
2,2698,1283,692,372,47,6,5,1,9
1,1129,1281,1617,1285,28,2,6,0,12
0,468,1066,1571,1242,7,13,18,1,19
0,1210,730,1247,302,4,15,2,1,19
3,3086,1053,1767,594,45,6,12,1,17
1,1595,1611,714,303,3,4,14,1,8
2,2332,793,1935,1858,30,13,15,1,17
2,2589,1220,1933,403,62,11,8,1,19
3,3760,1662,1509,128,61,5,13,1,9
1,1851,1281,954,590,8,2,19,1,8
0,417,538,662,235,2,4,13,1,8
0,294,823,888,630,39,9,4,0,13
3,3576,1733,527,357,36,16,20,1,17
3,3945,1429,820,246,40,7,14,1,11
1,927,1839,1493,475,54,10,11,1,19
1,2044,659,1929,1054,6,5,7,1,15
2,2334,1953,764,555,56,5,9,1,11
1,1477,1172,1092,607,27,2,3,1,12
3,3161,612,1891,1360,16,4,7,0,8
3,3660,1563,1699,142,24,5,0,1,7
1,1604,1191,683,681,26,3,20,1,14
1,2211,615,1664,128,42,4,4,0,7
3,3822,1893,763,637,63,3,11,0,14
3,3922,1563,572,410,16,2,13,0,11
2,1203,1995,1963,1830,9,12,18,1,14
3,2822,1517,1489,802,48,5,14,1,15
0,447,832,1294,311,34,13,5,1,15
1,1652,1162,997,128,56,2,1,1,5
3,3608,1595,655,344,12,2,19,0,15
1,1228,1329,1458,1053,52,6,2,1,8
0,666,928,1243,221,56,10,13,0,19
1,1499,1656,519,506,38,8,17,1,12
3,3321,1937,1767,1728,58,4,19,1,5
0,1206,977,566,128,57,2,7,0,7
0,952,768,515,418,56,3,20,1,19
3,3927,1464,1168,854,12,3,14,0,5
0,311,1177,882,178,29,5,8,1,18
1,955,1348,1942,1869,52,11,20,1,18
1,1109,1956,776,185,37,2,2,1,13
2,2969,1751,564,170,8,6,20,0,8
0,725,1530,1975,454,42,10,13,0,11
2,1655,1997,1212,866,40,6,8,1,7
3,3490,1414,1118,128,44,12,6,0,16
2,1774,1707,1388,1331,41,2,2,0,12
3,3615,894,1462,1285,50,2,14,1,13
0,714,645,1130,741,41,2,17,1,18
2,2768,1163,754,520,49,2,0,0,19
3,3739,1126,1726,128,49,2,17,1,14
1,610,1648,1876,1153,64,2,9,1,8
0,715,1170,709,474,14,5,13,1,18
0,663,508,557,128,42,12,8,1,13
1,1725,1097,1914,419,64,5,8,1,14
0,834,728,775,584,5,2,20,1,16
3,3865,1980,1910,312,29,10,13,1,12
3,3059,1504,1923,128,64,5,2,0,6
0,651,1379,1370,207,63,6,17,1,9
0,796,1698,994,363,18,3,20,1,13
0,785,920,1078,209,25,7,14,0,10
2,3252,1144,724,159,21,2,11,0,16
1,1322,1995,1104,649,26,11,15,0,15
2,2832,1430,1182,1132,27,2,16,0,7
1,1615,972,1795,1392,13,6,8,0,11
1,2125,662,1224,1001,20,15,10,0,17
1,990,1867,1442,712,9,2,3,1,6
1,1595,1730,1023,418,20,2,10,1,14
1,1213,1723,1361,384,7,2,17,1,5
2,2500,1882,652,128,47,2,13,0,17
2,2801,803,935,627,18,15,1,0,18
3,3451,580,1345,1086,47,2,1,1,15
0,1201,668,1292,195,48,12,19,1,14
2,3139,1391,1256,128,36,7,6,1,14
2,1938,1560,1364,745,22,11,1,1,15
2,3185,821,1786,253,54,4,9,1,8
1,2111,811,1429,333,2,7,13,1,18
2,2369,1989,682,629,17,2,15,1,7
3,3625,1034,1199,707,37,2,20,0,17
0,1051,618,1688,1314,6,10,4,0,13
1,1036,654,1898,1715,52,4,4,1,17
2,2938,576,1438,513,10,2,7,1,6
2,2855,667,1463,128,3,2,13,1,5
2,2727,869,1584,1243,57,3,15,1,13
2,2973,635,1059,300,42,5,4,0,12
1,2581,609,1253,128,44,11,16,1,15
3,2690,1557,1442,1107,2,16,20,0,18
0,916,1604,939,134,33,10,5,0,13
2,2563,1182,986,275,8,17,16,1,19
2,3359,848,1029,176,19,2,18,1,10
1,941,1610,1280,1236,64,4,12,1,8
2,2280,1828,898,336,17,14,1,0,17
0,827,880,1381,1116,50,9,3,1,15
0,473,1394,1565,1010,62,2,13,1,11
3,3865,1960,1299,205,61,7,3,1,10
1,1274,809,1726,1453,21,7,19,0,18
0,364,899,1331,788,57,2,18,1,11
3,3699,1976,1922,1301,32,11,7,0,17
2,2927,879,1038,463,21,13,2,1,14
0,1470,916,992,188,36,2,12,0,13
0,1050,763,1186,1028,2,4,14,1,6
2,2616,508,1920,1419,9,8,2,1,18
3,2915,825,1866,1471,34,2,17,1,8
2,2686,1864,981,168,46,7,12,1,11
1,1243,1725,1195,1125,52,18,12,1,19
3,3264,1108,1706,130,52,2,12,0,16
1,2261,1011,749,481,36,6,18,1,7
3,2993,1703,1711,1411,55,2,19,1,5
0,706,1067,681,128,58,9,0,0,12
3,2542,1334,1974,1187,42,2,14,1,10
2,2523,775,1510,561,30,16,10,1,17
0,336,1899,814,128,26,11,0,1,13
1,2457,930,1025,128,14,7,10,1,11
0,418,1058,1247,493,19,7,14,0,9
3,3917,1187,1814,1173,46,11,9,1,13
1,1246,1874,1233,964,8,2,13,0,8
2,2971,1482,642,634,48,8,10,1,12
2,2324,1809,721,639,59,6,4,1,10
2,3121,864,1670,128,54,2,1,1,18
2,3801,625,550,431,33,6,20,1,10
3,3333,1880,699,128,18,15,5,1,17
3,3475,1138,1138,128,44,3,17,1,19
1,2360,560,1903,356,23,16,15,0,17
2,2895,1117,817,798,12,6,8,1,7
3,3652,1712,1126,747,63,2,12,1,16
3,3097,1836,1139,408,26,2,16,0,5
1,2101,1036,926,373,39,7,3,0,10
3,3918,1860,1506,1362,23,2,16,0,9
3,3869,1375,726,475,9,18,19,1,19
1,732,1945,1753,743,57,2,1,1,14
3,3684,1896,794,447,7,7,13,1,9
3,3969,788,1161,128,57,8,12,1,12
0,1414,880,1350,128,33,2,2,1,12
1,1892,1323,619,162,28,2,12,1,10
3,3131,1868,660,347,42,3,4,1,8
2,2532,1266,1468,346,7,5,12,1,10
3,3215,1042,1705,727,50,2,18,1,18
3,3323,1479,1476,180,19,12,10,1,13
2,1529,1476,1666,1641,55,8,5,1,13
2,2403,1552,1026,269,13,2,9,1,9
3,3419,1454,1033,250,34,5,3,1,7
3,3648,1007,1529,1186,45,2,2,0,9
0,1974,652,559,128,17,10,11,1,12
2,2806,1504,973,507,34,2,15,1,7
2,2239,1726,1223,379,51,9,3,1,13
0,582,1029,956,264,5,7,8,1,15
3,3890,1582,1797,1486,44,10,13,1,17
1,1141,1478,882,694,48,2,17,0,5
2,2511,1178,596,579,49,3,0,0,6
3,3838,707,574,495,25,2,17,1,9
2,2734,755,990,315,51,2,12,1,10
1,2330,912,1053,329,54,5,5,0,19
1,2244,651,858,548,63,9,4,1,14
1,1851,1483,758,531,54,13,2,1,15
0,808,914,1495,191,4,7,12,1,11
1,1587,1456,1104,823,7,5,12,1,6
2,2492,1178,1352,128,57,14,17,1,16
2,2122,1503,1304,841,43,2,14,1,15
0,1122,1681,1205,195,11,6,13,0,12
2,3709,715,562,128,48,2,6,0,14
2,3021,1876,585,235,56,2,4,1,12
0,624,1190,1441,1417,47,3,10,1,9
3,3937,1755,1075,286,24,2,2,1,8
1,1797,1197,1629,649,20,5,7,1,19
1,1458,1048,1975,966,28,2,19,1,5
3,3348,1887,1798,1172,17,16,7,1,18
1,1834,1772,545,270,64,2,15,0,5
3,2775,1421,1657,781,57,8,2,1,13
1,1277,1464,1341,418,17,6,8,1,13
0,457,728,817,128,23,10,5,1,17
0,438,954,1058,228,50,2,11,1,17
3,3210,685,1203,1091,13,7,15,1,15
1,985,1472,1744,1452,36,11,10,1,12
3,3701,853,740,674,3,8,16,1,15
0,1052,1469,1133,398,8,2,0,0,8
0,1175,1310,889,449,57,2,9,0,16
1,1070,1654,1719,1184,11,2,2,1,8
3,3411,902,1285,675,3,11,9,0,12
1,1175,1448,1850,1792,26,9,16,0,12
0,301,1631,1905,177,3,5,12,1,13
0,489,1608,1158,1013,28,11,13,0,15
2,1733,1991,1325,1058,64,3,13,1,5
2,2756,1349,772,592,62,3,16,1,11
2,2612,1589,1743,810,51,2,18,1,8
1,1724,1844,882,533,51,2,3,0,5
1,2190,712,1208,558,35,12,10,1,16
1,1900,972,1050,681,54,8,4,1,16
3,3915,1406,1366,1017,34,8,5,1,9
0,1043,1289,899,765,25,2,12,1,6
3,3817,932,1224,1176,64,7,2,1,8
2,2362,1747,1131,947,48,2,19,1,17
1,1107,1172,1884,1314,41,3,7,0,7
3,2982,1128,1370,609,53,9,14,1,14
1,2042,664,1497,754,28,15,5,1,17
0,1343,513,867,619,44,2,12,1,5
2,2610,1742,681,453,43,3,12,1,12
2,2335,1512,884,205,6,7,17,1,15
1,1614,1986,1358,282,51,12,20,1,17
0,1138,965,998,130,13,8,14,0,9
0,604,1067,1989,494,40,14,15,1,16
3,3652,1583,862,275,42,10,10,1,14
3,3955,1653,1785,447,37,4,6,1,19
0,258,1433,799,281,4,9,11,1,11
0,1066,765,793,128,18,2,0,1,11
1,1731,1845,695,292,61,5,12,0,9
3,3860,752,728,164,48,5,13,0,7
3,3630,1948,1940,631,16,7,10,0,9
1,1965,1077,1304,897,45,2,4,1,6
0,1459,932,1078,268,60,2,2,1,6
2,2323,1968,1259,861,22,8,7,0,9
2,3291,1122,790,331,2,2,14,1,11
3,3272,1588,1594,1064,61,2,13,1,18
0,918,601,548,509,26,2,18,0,9
3,3488,1615,1256,622,15,2,16,0,16
3,3961,1589,1911,957,58,14,4,1,16
0,590,1417,1649,494,56,3,4,1,11
3,3701,1697,1264,236,34,9,3,1,15
0,463,1330,1262,980,3,6,17,0,14
3,3644,1476,1972,1789,43,10,2,1,15
1,1713,1579,1484,831,27,4,18,1,16
0,429,1277,1090,902,41,4,3,1,9
2,2765,1089,1259,636,2,12,15,1,13
2,2084,1663,1439,831,27,2,14,1,7
1,1125,1949,592,518,20,10,4,0,17
2,2048,1138,1777,233,48,2,14,1,6
0,1223,685,870,725,17,2,20,1,8
3,3672,1889,1106,170,31,2,10,1,5
2,3100,857,948,157,17,5,9,1,17
0,343,1902,1393,1142,50,8,9,0,11
1,1970,1225,982,840,15,8,0,1,16
2,2728,1066,1586,401,39,2,17,1,6
3,3635,1554,1579,395,5,4,12,0,7
1,2180,1337,644,128,31,4,20,1,7
2,2488,1926,1157,982,33,2,2,1,6
3,3864,869,539,478,34,3,4,1,13
0,1155,1278,750,581,54,2,16,0,7
3,3566,1773,1472,1215,32,6,18,1,17
1,864,1661,1337,594,6,8,2,1,9
0,869,1438,1663,683,32,13,6,1,19
0,591,1661,861,536,29,2,0,1,9
1,1333,1846,773,128,19,6,2,0,15
2,2208,1260,1313,905,23,11,10,1,12
2,2610,512,1849,249,15,14,15,0,18
2,2819,581,1613,803,59,17,6,0,19
2,1955,1872,1259,459,44,4,15,1,9
3,3416,687,1151,584,50,6,20,1,14
3,3803,1062,1807,1596,10,3,13,0,7
0,574,1678,1763,418,7,3,14,1,5
1,2129,1417,1029,364,45,9,19,1,13
1,1948,1074,952,946,9,2,14,1,13
2,2978,1832,654,186,2,7,6,0,18
1,1619,1039,1827,1428,12,2,0,1,7
3,3716,1059,1916,1613,61,13,18,1,15
3,3454,1606,1924,1127,57,8,4,0,13
3,3777,1928,1580,691,19,2,20,1,7
3,2712,1875,1942,1802,55,2,17,1,7
1,1434,1128,1582,751,46,2,10,1,5
3,3968,1748,1234,859,14,12,7,1,16
3,3383,1413,517,187,51,5,11,0,16
3,3278,825,1917,206,23,6,0,1,8
3,3970,1589,1759,1673,26,8,16,1,16
2,2674,535,939,710,54,8,15,1,14
3,2776,1780,1463,1331,27,17,11,1,19
2,2336,1671,848,263,61,4,11,1,10
2,2430,1821,1803,128,12,4,18,1,7
0,891,1076,915,129,38,3,8,1,18
0,728,532,1354,1213,8,5,10,1,13
3,3886,777,1143,189,30,10,17,1,14
1,1711,1217,632,628,17,3,13,1,7
2,2856,1656,899,320,16,3,2,1,14
2,2447,1185,1642,837,31,2,7,1,16
0,814,577,1450,1087,37,7,20,1,11
2,2951,737,1463,781,49,2,16,0,7
2,3653,704,1013,251,53,2,6,1,7
1,1891,525,1587,262,51,3,11,0,18
0,701,504,1665,767,16,15,9,1,17
3,3139,793,1815,1226,38,2,7,1,6
1,2811,569,739,389,39,6,9,1,7
1,1701,1590,963,920,21,4,18,1,11
1,1853,707,1508,1027,16,14,0,1,17
1,2445,767,1000,271,19,2,17,1,6
1,2287,1350,544,369,50,2,4,1,15
2,2003,1117,1627,1258,31,7,7,0,8
2,3595,641,759,417,7,5,3,1,7
1,1726,1002,1416,1345,35,5,4,1,16
3,3952,1408,1088,613,45,6,14,0,8
1,850,1900,1596,912,41,2,6,1,5
0,1446,726,760,666,43,2,0,1,17
1,1300,1544,857,236,45,7,20,1,8
0,719,1454,1100,186,21,10,10,1,14
0,988,1230,676,416,26,5,7,0,11
2,2606,1552,658,430,53,6,18,1,13
2,2912,1519,1239,168,32,10,10,1,11
2,2339,723,1901,1467,30,9,7,0,19
0,1028,1191,1813,179,13,6,7,1,14
3,3173,1168,1578,159,61,4,10,0,9
1,1667,1229,1878,128,14,6,16,0,17
2,1897,1758,1864,762,13,2,14,1,6
1,1214,1290,1109,600,3,8,4,0,9
2,3269,574,1171,286,38,7,17,0,8
0,445,1271,1949,1350,32,14,15,0,15
0,1073,1170,1722,128,30,4,15,1,6
1,665,1269,1920,1597,52,5,15,0,18
3,3129,1288,1809,1177,50,6,20,0,17
3,3501,1366,964,402,34,11,9,1,13
3,3461,1572,1237,577,8,3,8,1,6
3,3206,1627,1082,128,32,6,16,1,12
3,3717,1701,828,364,46,2,15,1,11
3,3917,1900,1241,934,55,5,1,1,15
0,861,1974,545,250,24,4,13,1,7
2,2885,1197,1710,214,20,7,10,1,19
2,2777,587,1793,612,6,2,16,1,9
0,1017,934,1463,1111,24,7,12,0,12
0,980,1195,1100,163,23,9,9,1,13
3,2775,1853,1951,202,23,4,15,1,14
3,3309,1164,1704,729,19,3,18,1,15
3,3607,1512,1897,1079,18,10,17,1,12
0,1257,1232,809,361,24,10,17,1,16
0,759,1813,1306,338,5,3,8,1,9
3,3720,946,1771,1698,5,7,20,0,15
0,475,739,1536,1052,58,6,4,1,7
0,1122,704,1509,1108,29,3,10,1,9
1,1336,1663,1545,951,40,5,15,1,8
2,1185,1966,1987,1197,40,2,18,0,11
0,705,1219,1022,473,17,3,4,0,11
2,3169,612,1337,1294,35,9,12,0,14
3,3483,1658,522,410,39,2,5,1,10
1,1183,1263,1883,178,64,3,18,0,14
3,3373,1395,1787,782,55,2,1,1,11
2,2801,621,910,434,54,2,20,1,6
0,565,652,781,464,58,12,2,0,18
2,3153,1175,1501,137,25,4,12,1,9
2,3421,561,1176,492,11,2,10,1,16
0,316,1137,1285,1250,3,14,7,1,15
0,448,1835,583,385,11,17,13,1,18
1,2366,1170,684,427,40,8,5,1,16
3,3881,1595,1838,1024,44,10,20,1,14
0,462,1719,904,240,12,3,7,0,6
1,1480,1770,1552,886,7,2,6,1,6
1,1087,1312,1854,1233,28,16,0,1,17
2,2711,1878,559,183,56,2,13,1,8
2,2144,1871,1682,128,20,12,14,1,13
0,1165,922,1383,1016,35,6,15,1,19
2,2998,1975,655,128,16,4,11,1,5
2,2249,1212,1715,611,46,3,8,1,14
0,752,1430,906,569,56,8,5,0,17
1,1409,1958,637,304,4,5,3,0,16
3,3072,1836,1230,276,30,3,15,1,7
0,1305,557,1315,1131,24,8,0,1,12
2,3597,539,599,551,21,5,14,0,14
2,3132,880,1302,436,44,7,15,0,8
3,3856,1369,727,553,34,4,7,0,18
1,1524,1109,1787,1391,39,10,9,1,15
3,3673,843,1096,981,16,2,6,1,12
2,3293,598,1173,680,21,4,10,1,8
2,3035,972,816,687,5,7,2,1,12
1,584,1944,1970,1060,36,14,18,1,17
2,2675,1225,1101,217,2,11,1,1,12
2,2382,644,1654,1140,30,2,16,1,9
1,1391,1919,1191,304,48,13,6,1,19
1,2346,501,1089,504,54,12,19,1,13
0,606,1620,1033,832,30,2,3,1,6
1,1324,1227,1781,935,34,3,3,0,7
0,1076,1359,901,446,58,8,3,1,16
1,643,1914,1701,942,35,2,2,1,17
0,783,1645,1308,897,21,8,2,1,10
3,3809,1063,1232,1208,26,16,2,1,17
1,2104,946,630,159,19,4,0,1,7
1,1762,1231,1184,632,54,3,10,1,5
3,3137,1397,1991,1308,9,2,18,1,12
1,1756,701,1256,1002,15,3,11,1,6
3,3663,570,1917,1331,9,10,5,0,14
2,2437,1993,510,150,27,2,11,1,14
1,1432,955,1511,1248,43,9,8,1,12
1,1620,924,1813,128,47,15,6,1,17
0,1655,600,747,320,14,2,2,0,18
2,2832,518,1947,437,3,2,1,1,5
0,961,1063,935,295,31,6,10,1,16
2,2608,920,1421,1058,46,2,3,0,6
0,514,1715,1652,128,3,4,6,1,7
2,2304,1841,672,593,14,2,8,0,7
0,933,543,1031,693,60,2,7,1,14
1,1896,1762,527,300,25,10,14,1,14
3,3655,1112,739,234,53,3,16,1,7
1,1973,709,1596,1545,35,9,0,0,12
2,3278,1315,575,128,64,3,16,0,6
2,2183,1762,1364,1103,15,3,11,1,8
0,824,1462,1478,128,25,5,18,1,15
1,2598,571,1282,177,35,5,20,1,13
0,1254,666,1353,128,54,9,13,1,15
3,3622,1994,1435,447,7,2,7,1,7
2,1704,1583,1651,942,14,13,16,1,17
1,1624,1778,516,128,45,13,17,1,15
3,3809,1926,1000,371,50,12,17,1,17
2,2574,966,1754,1446,50,2,10,1,10
0,950,568,1703,181,36,9,4,1,17
0,273,1897,1935,1311,21,6,2,1,17
1,446,1695,1898,1791,46,13,9,1,16
2,1510,1623,1832,1568,61,10,12,1,12
0,1122,914,721,706,26,9,0,1,12
0,707,1721,1048,871,33,2,5,1,19
0,751,890,1873,1074,44,3,13,0,7
2,3393,600,1465,501,48,7,7,1,12
3,3771,1677,1477,271,11,6,8,1,15
1,1851,723,1748,920,3,3,3,1,15
2,2735,638,1383,1171,27,2,17,1,7
1,2253,852,1159,293,62,4,13,1,17
0,452,1979,1630,833,32,6,1,0,13
0,1419,710,857,485,32,11,9,0,12
0,969,1034,1293,182,45,2,4,1,15
2,3441,600,1162,207,22,2,11,1,19
3,3786,1027,1747,1698,64,12,7,1,17
2,2710,1260,736,165,13,2,6,1,13
3,3533,1793,1418,1086,12,14,17,1,16
0,1735,675,757,192,60,2,15,1,7
3,3587,658,1750,1156,12,11,3,1,14
2,2298,1694,549,377,34,5,7,1,17
1,2027,804,818,709,41,5,13,1,11
2,2406,1713,974,729,27,10,3,1,13
1,2419,706,938,543,31,7,19,1,8
0,995,1362,1505,553,25,6,9,0,7
2,2078,1527,1116,526,60,3,14,1,5
0,1145,768,991,637,19,2,1,0,19
0,626,1314,577,128,41,4,12,1,10
1,1509,705,1374,1114,57,11,9,1,15
3,3371,1403,1251,461,26,9,3,1,13
0,297,1486,1747,1430,52,2,15,0,13
3,3508,781,1674,304,38,8,7,0,13
1,2385,986,800,471,23,9,3,1,16
1,1301,1310,1016,806,33,12,14,0,13
1,2167,560,1327,128,57,10,12,1,11
3,3914,1348,501,204,43,3,6,1,10
2,2312,1567,1621,545,22,2,6,1,9
2,2297,1940,858,128,17,6,7,0,14
0,411,1979,1532,1331,19,2,9,1,8
0,665,561,1294,1055,2,2,13,1,10
3,3226,1717,810,609,62,4,3,0,6
0,740,535,811,290,48,10,4,1,11
3,3878,1413,1318,1039,39,16,12,1,19
3,3406,1358,1655,1485,20,2,0,0,5
2,2440,1519,1702,1122,30,5,8,1,9
3,3959,1254,1013,462,50,4,6,1,10
3,3703,1591,1883,1384,49,6,7,1,17
3,3714,977,1862,1502,35,3,15,0,19
0,337,1640,1301,589,21,3,14,1,16
2,3176,663,1605,128,25,2,1,1,6
1,1205,1744,718,128,20,7,3,1,18
2,2473,1624,699,689,28,11,10,1,16
0,1229,1108,1742,208,2,3,20,1,5
3,2896,1188,1558,1339,9,11,0,1,12
1,2039,817,766,722,11,6,11,0,11
0,520,863,1799,717,6,2,13,1,10
1,1378,1397,1658,433,3,15,15,1,18
3,3254,1108,1666,1298,49,2,12,1,12
1,1803,1068,1998,186,37,4,13,1,5
3,2501,1702,1491,1397,52,12,15,1,16
3,3762,808,1891,618,8,9,1,1,15
1,1796,1156,1262,1214,61,6,9,0,16
0,990,1271,650,613,54,11,3,0,14
1,2630,696,907,649,51,8,8,0,18
1,1380,1981,1234,193,45,2,18,0,10
2,3487,614,519,128,58,6,2,1,15
1,1201,1590,1595,1464,7,3,17,1,12
3,3015,1945,895,280,21,2,10,0,6
3,3204,1135,1589,690,43,13,11,1,18
0,433,1049,1564,128,2,7,10,1,10
2,1906,1807,1384,337,49,13,10,0,17
0,898,984,1611,1036,42,8,17,1,16
3,2799,720,1733,1347,61,3,8,1,5
2,2020,1536,1634,128,13,2,20,1,6
0,770,771,922,327,25,2,6,0,12
0,305,503,1291,778,57,8,11,0,11
2,2953,675,874,482,42,5,2,1,9
1,1671,1936,1089,591,34,2,14,1,6
2,2574,1303,1604,229,15,4,10,1,12
3,3772,1004,1162,901,35,8,9,0,17
3,2870,1972,1648,715,37,2,1,0,16
2,2577,1822,910,172,8,5,0,1,9
1,2246,1159,723,681,18,2,7,1,8
2,2405,1782,999,867,58,2,13,1,15
2,3377,894,1300,286,16,2,20,1,5
3,3619,1884,819,451,43,8,18,1,14
1,1184,1648,1238,1119,17,2,3,1,6
2,2965,798,643,526,4,7,9,1,15
3,3713,802,1633,1299,45,3,9,0,8
3,3798,1276,735,217,53,10,3,1,19
1,1026,1331,1226,1109,16,5,7,1,13
1,1086,1620,1339,434,5,14,18,1,18
2,2236,1996,1445,671,51,7,9,1,8
1,1303,1092,1424,1404,45,3,10,0,12
2,3048,1018,883,856,63,3,18,0,10
0,616,545,1452,381,11,6,1,1,15
2,3764,554,806,128,12,7,10,0,10
0,419,1264,849,562,34,4,3,1,7
3,2858,1030,1812,1111,58,2,20,1,6
0,504,1432,947,209,39,4,18,1,14
0,392,558,1605,997,49,5,4,1,10
0,820,829,1916,128,56,6,1,1,12
3,3387,1741,1895,730,14,3,0,1,11
3,3447,1849,1123,606,15,11,19,1,14
0,1403,733,1409,445,7,8,10,1,15
2,2295,1872,1484,286,16,11,2,0,15
2,1973,1853,1005,985,27,2,13,1,10
3,3755,1149,1675,1617,30,14,5,1,17
1,2073,891,1724,375,25,2,19,1,7
3,3872,1911,1958,1795,64,8,8,1,9
0,302,550,1930,486,23,5,17,1,18
1,1519,576,1518,757,27,6,4,1,18
2,2549,1760,1704,273,50,8,2,1,10
0,404,969,589,491,45,5,0,1,18
0,595,1160,859,762,63,4,2,1,18
0,1663,827,821,448,18,2,16,1,14
3,2764,1786,1671,231,58,3,10,1,9
2,2614,774,1865,1713,8,2,4,1,7
0,1094,819,822,438,11,5,1,1,10
2,2826,1042,1018,128,11,2,16,1,18
2,2496,1368,829,698,50,6,18,0,13
1,2103,1592,522,510,50,8,17,1,19
0,966,1067,1009,965,14,2,15,0,5
2,2172,1892,1564,1399,47,14,10,1,17
0,905,915,1448,532,56,10,17,0,19
3,3916,774,896,128,55,2,18,1,8
3,3902,1848,605,154,42,9,10,1,11
2,2487,1501,1056,198,2,12,15,1,13
3,3914,1614,1330,860,55,13,17,1,17
0,363,911,670,461,46,5,1,0,9
3,3233,1520,1909,128,24,3,8,1,13
2,2532,1647,1185,193,38,14,15,1,16
3,3836,1347,1008,961,53,3,15,1,15
2,3076,967,1642,243,25,4,9,0,7
2,1513,1442,1668,1626,56,8,3,1,11
1,1724,1204,1482,480,10,2,3,1,11
0,542,1320,1229,128,41,2,2,1,11
3,3481,1800,823,400,8,8,6,1,10
3,3991,1567,1326,190,22,2,19,1,15
1,1790,1439,932,626,20,12,17,1,19
0,509,1422,926,128,3,2,17,1,19
0,282,1591,1641,548,52,9,16,1,10
2,3006,880,660,632,6,4,19,1,6
1,1913,1929,1051,349,19,7,2,1,12
2,1333,1642,1889,1686,5,2,2,0,18
3,3746,1511,1982,1455,21,2,18,1,10
3,3941,1312,893,128,10,2,9,1,6
3,3970,1852,1163,580,10,2,18,1,13
3,3925,972,589,297,44,6,10,0,7
0,424,691,962,951,33,3,8,1,5
0,1284,807,697,667,8,13,20,0,17
0,277,1113,1312,1047,25,2,10,1,11
1,1713,721,1862,408,16,3,18,0,10
0,485,1188,1469,1150,54,7,2,0,12
2,3002,1512,952,333,52,5,14,0,6
0,418,805,704,641,64,6,14,0,11
1,1652,918,671,653,8,4,5,1,17
2,2893,1320,1583,128,48,5,16,0,8
0,1406,1236,809,517,57,12,14,1,14
0,629,1387,1151,785,61,3,0,1,5
3,3724,1883,791,531,30,15,10,1,16
3,3835,839,1391,564,14,8,3,1,15
1,1354,1593,1336,761,52,13,0,1,15
3,2376,1722,1638,1179,25,2,19,0,5
3,3438,1954,690,673,7,12,9,1,17
2,2655,1788,1073,472,2,2,20,1,12
3,3361,1628,643,412,33,10,8,1,16
3,3535,1965,1660,977,4,2,9,1,17
1,2150,833,1395,359,27,5,6,0,9
1,2587,571,783,224,43,5,8,1,7
3,2736,1808,1208,714,31,2,16,0,9
0,676,1860,799,195,55,2,3,1,15
3,2941,1368,1145,843,9,12,7,0,13
3,3336,1161,1169,308,21,4,12,1,6
3,3796,1224,563,522,33,5,18,1,10
3,3654,902,1360,364,63,8,14,0,18
2,2934,787,1423,806,11,6,16,1,8
2,2889,854,1152,518,30,2,5,0,5
3,3315,1184,1577,519,48,7,6,1,17
2,1993,1973,1181,792,39,2,6,1,9
1,2509,510,1228,382,35,2,6,0,17
3,3534,966,1523,214,34,17,10,1,18
2,2246,1438,867,859,16,11,7,0,14
3,3165,1986,774,342,51,2,9,1,5
0,286,1907,1513,713,55,4,15,1,14
0,776,1489,812,172,32,6,16,0,7
3,3213,1843,580,128,16,14,18,1,15
0,716,825,783,540,38,4,18,0,11
0,424,1286,662,128,16,5,18,1,10
3,3486,840,1081,987,63,8,19,1,12
2,3237,757,697,535,58,12,7,1,19
1,1944,814,1406,1092,41,6,10,1,16
0,643,1195,1001,327,8,2,6,1,14
2,2317,767,1995,517,10,2,12,1,6
1,1436,1068,1500,994,52,2,7,1,16
2,3190,994,530,491,56,2,3,1,5
2,2338,1550,832,268,21,2,11,0,16
1,1334,1878,1026,210,29,7,19,0,18
2,3657,623,672,144,6,3,4,1,17
2,2080,1829,1267,729,15,11,7,1,16
0,1609,525,670,128,35,11,20,0,16
2,3078,1065,928,188,14,2,2,1,10
0,590,1425,1897,150,35,2,14,1,13
2,2552,1296,1382,1222,11,8,4,1,19
2,3355,642,1011,331,34,5,15,0,12
2,1968,1664,1929,1178,15,7,19,1,12
3,3358,1498,1076,347,8,3,4,1,7
0,1539,981,688,128,2,12,7,0,19
0,942,1236,1403,492,32,12,18,1,16
3,3669,1673,734,128,9,2,10,1,9
3,3612,712,1234,881,9,5,14,1,13
1,2351,569,1159,351,4,7,19,1,8
0,604,603,1968,1842,64,4,0,1,10
1,1285,1332,1165,758,11,2,4,1,5
0,515,1413,1481,1323,13,2,0,1,5
0,654,1064,1569,1175,34,13,13,1,16
3,2540,1444,1554,1092,48,2,17,1,17
3,3869,1366,1876,647,53,5,9,1,17
3,3412,906,1793,1102,18,8,11,1,13
0,509,1554,1367,319,47,3,12,1,12
2,2547,1187,1125,215,21,3,6,1,10
2,2735,1156,1913,945,30,15,16,1,16
1,1369,1918,1203,381,22,6,5,0,9
2,2942,841,828,546,39,5,13,0,11
2,2812,730,1155,1096,6,2,10,0,10
2,3497,878,618,575,31,7,18,1,9
0,619,1059,1545,519,50,3,1,0,5
3,3483,1578,670,342,3,4,20,1,17
1,1475,1829,563,291,36,4,1,0,11
1,1950,1132,1293,1091,8,2,4,0,11
3,3592,1652,1084,352,40,6,6,1,7
3,3573,912,1723,165,58,3,1,1,17
1,2020,1181,831,385,61,2,16,1,6
2,1329,1497,1933,1920,32,2,9,1,6
3,3568,1790,1980,396,49,2,11,1,6
2,1947,1742,1469,1134,49,4,9,1,5
2,1998,1549,1514,721,8,7,7,1,12
0,725,1372,937,687,34,3,17,1,11
3,3302,1112,1119,777,12,2,6,1,11
3,3884,1005,1556,176,46,2,17,0,17
0,1185,783,1263,458,27,4,11,1,15
2,1656,1698,1819,485,26,3,18,1,5
2,2870,899,1638,641,53,16,11,1,19
0,911,1062,1435,798,45,2,4,0,14
3,3892,989,1394,256,17,7,19,1,18
3,3897,1983,1197,370,27,10,11,1,12
0,656,1800,1108,191,53,10,12,0,14
1,606,1254,1956,1571,45,2,3,1,7
1,1653,868,1026,276,30,7,0,1,11
0,860,1205,614,573,12,2,6,1,14
1,2197,1284,516,160,10,2,14,0,16
2,3458,626,1334,128,23,5,9,1,7
1,2066,1763,806,138,53,9,20,1,12
3,3676,694,1230,983,36,8,20,1,12
1,1518,1265,687,275,49,11,5,1,16
0,1018,816,558,149,14,10,13,1,17
0,1360,904,507,128,35,12,4,1,15
3,3449,979,1670,793,5,2,2,1,5
2,2524,1531,765,625,60,11,1,1,13
0,703,934,1190,521,30,8,15,0,10
1,1251,1624,1744,1530,58,4,11,0,13
0,582,874,1248,442,8,4,20,0,6
1,1732,1027,714,152,63,5,4,0,8
2,1252,1966,1973,1242,48,4,16,1,6
1,2146,1048,1670,128,29,10,4,1,11
1,1927,1496,506,501,38,4,14,0,17
2,3328,959,736,128,13,9,16,1,10
2,2462,1349,1019,648,55,7,7,1,15
0,1172,1689,674,521,13,11,9,1,12
3,3598,1558,1409,128,27,2,1,1,9
2,2437,582,1420,985,27,2,10,1,19
3,3271,1485,774,341,44,12,14,1,14
1,1511,1991,1377,751,9,8,12,0,17
2,2981,553,1517,993,23,3,3,1,7
3,3119,1231,1663,128,7,4,7,1,9
3,3647,805,1538,1262,34,11,2,1,18
2,3148,764,511,361,13,7,2,1,18
2,2829,894,541,128,54,5,15,1,11
2,2373,1589,940,618,46,9,16,1,11
3,3998,1456,1666,815,39,3,10,1,6
0,316,743,1659,1587,33,10,1,1,19
0,999,1061,1330,138,52,12,4,1,16
1,1808,1428,983,584,7,8,2,0,12
0,589,674,772,750,8,6,0,1,18
3,3317,832,1366,820,46,2,0,1,8
0,670,1625,1219,128,50,3,17,1,16
0,584,907,507,171,42,9,16,1,11
2,2173,1631,1735,960,13,3,16,1,12
1,1561,1584,1291,160,41,5,15,0,10
1,2073,1382,719,612,13,7,18,1,16
1,1401,633,1915,709,46,14,10,1,19
3,3764,1444,917,624,38,9,16,0,14
0,1275,852,730,538,54,7,7,1,13
1,1464,922,1808,1295,47,4,14,1,17
3,2885,1745,1908,1164,57,11,16,1,13
3,3458,862,1977,829,6,4,14,1,9
3,3019,1754,1452,199,52,6,3,1,11
1,1083,1008,1972,825,36,4,14,0,6
3,3538,1569,930,519,33,2,13,1,18
2,2493,1596,1190,169,7,12,9,1,14
3,3726,1807,1968,1734,61,5,6,1,8
1,1531,1660,1165,128,7,2,6,0,12
1,601,1861,1877,1698,55,5,8,1,7
2,2991,648,1997,819,8,7,19,0,8
3,3912,1379,671,387,19,2,17,0,11
0,309,1910,1284,985,34,4,0,0,8
0,323,1807,974,970,13,3,0,1,9
1,1489,1923,1759,767,46,9,10,1,10
1,1322,1345,1465,512,38,2,11,1,9
1,1846,904,760,128,14,2,9,1,7
0,417,1239,661,590,52,2,10,1,8
3,3269,1330,1304,462,52,6,12,1,19
2,3731,516,698,128,30,13,12,0,17
0,667,672,1143,578,54,8,11,0,17
1,1241,892,1782,655,47,3,18,1,12
3,3941,1778,1445,1028,23,6,11,1,19
0,1018,1130,1261,128,58,2,14,1,17
3,3142,1359,1902,1692,59,3,6,0,19
1,1444,1866,1782,358,47,4,9,1,7
0,934,1597,1667,128,34,10,14,0,16
3,3863,1046,1040,259,58,12,0,1,17
3,3506,1035,1960,236,44,5,3,1,14
1,1944,1175,1394,873,19,4,9,1,9
0,348,1261,1591,858,11,9,0,1,14
0,550,1068,1910,1405,51,8,15,1,12
0,971,1713,890,237,20,10,17,1,11
3,3984,1688,864,650,21,14,0,1,17
3,2973,1413,1994,1949,45,8,6,1,17
1,2019,559,823,541,11,4,14,1,10
1,1587,1483,1552,361,19,4,19,0,9
1,1870,860,1463,335,48,2,18,1,17
1,1352,1090,1910,1638,27,2,16,0,5
0,570,686,1392,1109,3,6,15,0,7
0,546,818,510,128,43,6,15,1,12
3,3624,1456,1427,1285,49,11,20,1,12
2,2944,774,1731,1480,10,6,9,1,8
0,1209,1068,875,322,19,12,9,1,19
3,2752,1373,1348,1220,29,2,12,1,15
3,3868,1777,616,511,20,2,5,0,5
2,3087,594,1263,1011,28,4,3,1,16
0,947,1524,635,629,57,4,12,0,11
0,1484,511,622,140,50,7,16,1,9
0,347,1402,1767,1081,46,2,12,1,17
2,3227,965,653,297,53,6,19,1,12
3,3299,1270,1716,1512,58,4,1,0,13
0,1028,919,570,275,13,4,15,1,8
1,714,1963,1813,1136,34,2,17,1,18
3,2641,1977,1356,1145,31,2,6,0,8
1,1229,1881,1553,477,51,2,7,1,12
2,2622,683,1985,954,19,3,17,0,16
0,929,772,1471,741,6,6,10,0,13
0,1211,536,705,547,53,10,0,1,15
2,1653,1694,1208,1194,53,5,0,1,7
0,511,1633,906,146,33,2,19,1,9
2,3034,1371,663,471,52,6,19,0,13
0,1414,551,1916,169,54,2,15,1,6
3,2438,1221,1976,1895,28,11,7,1,13
3,3744,1000,1761,1537,63,2,18,0,11
1,1377,1986,1520,236,64,3,20,1,5
3,3520,1119,915,821,23,4,1,1,7
3,3796,1699,1768,466,59,10,3,0,17
1,1699,1099,1096,393,61,10,20,1,17
0,336,1576,631,400,58,8,16,1,14
0,1095,950,843,774,55,12,10,0,14
0,325,1081,519,284,49,2,17,0,9
0,1223,606,1152,465,53,12,2,1,19
1,1649,502,1810,705,37,2,12,0,6
1,1898,957,1682,128,4,4,0,1,12
2,2609,1658,739,128,38,11,0,1,12
2,2265,1681,1005,850,18,3,7,1,5
2,2775,1983,676,349,43,4,10,0,9
1,1445,1753,1595,387,12,16,17,1,17
2,2614,1632,1623,706,41,4,1,1,5
0,356,1949,1178,951,57,3,11,0,5
0,523,1696,772,179,13,2,2,0,5
3,3745,688,1964,426,57,2,3,0,17
0,1229,1104,1413,653,60,2,13,1,6
1,1402,1122,1963,1578,28,10,4,0,14
1,2085,504,1795,280,46,5,14,1,13
0,587,1154,1801,251,14,3,14,1,8
3,2457,1727,1992,1463,63,13,8,1,19
2,2030,1674,1649,1432,52,2,7,1,7
0,816,1948,571,477,18,2,14,1,16
1,1667,1218,1746,1122,39,2,14,0,10
2,2958,531,1903,145,63,2,14,0,17
3,3705,1057,1055,416,5,4,13,1,6
2,2800,576,893,847,30,6,5,0,11
3,3773,1960,877,868,7,9,9,0,11
1,2050,673,1088,594,22,2,5,1,7
1,1754,718,830,518,21,11,7,1,17
1,1904,864,1805,663,35,8,7,1,12
1,2705,547,541,371,37,3,4,1,17
3,3537,623,1781,1749,3,13,7,1,16
1,1370,1793,722,586,27,3,13,1,16
1,1222,1720,646,409,19,2,3,0,13
2,3102,812,1309,128,64,2,7,0,6
2,2268,980,1758,1008,33,5,0,1,7
1,2648,643,1079,442,18,5,12,1,7
2,2173,1925,1087,983,16,3,11,1,7
3,3162,1408,982,875,32,18,6,1,19
1,1368,1522,1191,952,28,5,5,1,14
2,2746,587,1361,244,51,4,17,1,10
0,619,1959,1055,128,18,4,20,1,7
1,724,1872,1767,1749,17,3,6,1,17
0,912,1043,1626,716,42,9,8,0,16
3,2784,1809,1661,433,23,6,19,1,12
0,793,1703,521,134,23,3,7,1,7
0,560,1095,1247,179,45,2,5,1,9
0,312,1414,1564,804,27,2,20,0,5
0,545,1659,1515,787,41,2,18,0,12
1,1591,1540,822,704,60,2,12,1,19
3,2746,1342,1638,991,31,5,1,1,15
0,893,1189,932,379,8,6,14,1,9
1,2514,518,710,489,62,12,0,1,16
1,1032,1449,1883,1518,10,2,12,1,10
0,819,516,1401,855,39,2,7,1,8
3,3672,1569,1383,1261,59,2,16,1,15
3,3833,1312,1791,128,24,13,0,0,14
2,1482,1893,1432,1203,23,7,3,0,15
1,2043,1076,1300,545,14,5,4,0,7
0,1229,530,1090,818,40,11,2,0,16
1,1816,1044,1262,128,33,16,13,1,17
2,2166,1330,1637,1103,37,2,20,1,10
2,2469,1836,1068,168,14,6,1,1,18
2,2575,1741,755,719,55,10,3,1,13
1,1375,1869,874,163,30,3,13,1,15
1,1732,1331,1531,1162,55,2,15,1,6
0,673,1655,1348,626,4,3,12,1,10
1,2301,605,656,329,18,9,14,1,15
2,2676,1245,1434,330,30,8,3,1,17
2,1781,1709,1292,956,58,3,10,1,18
2,2248,846,1983,1140,58,8,15,1,16
0,921,1403,1623,217,62,13,13,1,14
0,391,688,869,271,2,2,2,1,5
1,1719,775,1555,444,10,3,14,1,19
3,3262,1154,1827,1003,35,15,16,1,16
1,1947,1375,772,227,35,13,3,1,15
3,2693,1827,1764,253,61,3,9,0,8
0,441,1697,1046,128,60,2,0,1,15
0,1886,741,594,334,14,11,13,1,19
1,1267,1672,1896,1281,32,4,20,1,17
0,687,514,1320,168,57,2,7,1,6
3,2890,1375,1687,898,12,2,13,0,17
1,1737,989,1069,128,55,5,12,1,8
0,887,1510,1170,128,47,6,13,0,18
0,398,1266,1595,1187,18,8,2,1,16
2,2389,1396,1347,1191,46,3,1,0,7
3,3431,808,1324,526,45,6,9,0,15
3,3601,1542,966,346,43,4,11,0,14
1,2459,745,1538,128,35,2,10,1,14
3,3230,1735,846,137,59,2,0,1,6
3,3646,586,1389,1226,57,4,5,1,15
1,2200,1341,574,473,36,14,1,0,18
3,3862,781,607,368,64,10,7,0,17
2,3077,501,1636,239,22,3,20,0,17
0,621,1224,709,622,44,4,9,1,11
2,2372,1970,882,654,58,12,19,1,14
2,2574,618,1781,853,63,3,1,1,14
3,2857,1537,1305,686,46,14,17,1,17
3,3143,1018,1433,992,16,12,10,0,17
3,3197,1545,1352,128,35,9,20,1,14
3,2727,1871,1966,275,41,8,5,1,15
1,1519,1729,1178,461,12,4,6,1,9
2,2438,680,1500,1428,9,2,11,1,14
2,2674,1106,1212,614,54,3,9,1,9
1,2107,635,989,193,50,12,13,1,13
2,2262,618,1602,1105,16,15,14,0,16
0,815,1671,1263,398,5,6,18,1,16
2,2829,1562,728,480,52,10,9,1,13
3,3022,1975,1607,775,31,5,17,0,13
2,2573,831,1490,1482,62,12,9,1,16
2,2678,1524,550,154,10,5,1,1,16
1,1282,1528,1762,454,55,9,6,1,11
0,568,1447,1455,737,9,11,16,0,12
1,2074,1344,556,419,14,2,3,1,8
1,2227,564,1737,853,8,2,3,1,9
0,1080,921,1229,1211,60,2,3,0,10
2,2867,1413,1606,314,10,4,6,0,5
0,1075,831,1239,172,55,11,12,1,12
2,3063,802,734,527,43,13,6,0,17
2,2479,1923,1264,874,24,2,4,1,9
2,2394,1193,864,674,56,11,17,1,19
2,2814,904,1014,657,31,3,11,1,13
1,2094,1285,500,475,51,2,2,1,8
2,2315,1635,1411,1209,2,2,0,1,10
2,2519,1923,525,128,14,2,6,1,13
0,735,1851,1967,293,12,6,11,1,7
1,1891,727,1377,813,32,13,1,1,19
1,1386,1396,1843,173,44,2,1,1,7
2,3260,877,652,457,46,12,14,1,14
1,2022,696,797,533,35,11,13,1,14
1,1716,1009,1043,912,2,5,14,0,7
3,3317,1526,1418,798,38,2,6,1,7
0,1454,987,565,412,20,3,3,1,11
1,2290,1414,887,130,49,2,1,1,13
3,3940,1732,656,201,61,11,3,0,17
0,461,1587,874,299,50,4,15,1,17
2,2219,1097,1352,1277,21,6,15,1,15
0,470,504,1195,626,40,2,0,1,6
2,2495,1159,751,378,28,2,18,1,10
2,2944,1910,639,333,29,7,2,1,8
2,2361,865,1804,805,59,11,9,1,16
2,1783,1930,1920,1901,16,3,12,0,17
2,2832,860,1581,1573,40,7,13,1,13
0,931,1268,912,360,42,5,17,1,11
0,1344,999,745,128,27,10,1,1,17
2,3916,622,511,128,9,2,0,1,13
1,1882,1250,1011,703,44,2,20,0,14
2,2865,763,1278,273,51,6,12,1,11
0,757,1100,1344,919,15,2,14,1,12
3,3469,815,1291,982,51,4,12,1,5
1,2399,618,896,879,57,15,7,1,18
3,3300,553,1892,1287,18,10,1,1,12
2,2719,673,1247,1109,3,2,9,1,19
2,3012,563,684,211,47,4,12,1,14
3,2836,1590,1109,1058,14,5,15,1,6
2,2385,1031,1247,532,11,7,9,1,11
0,594,909,773,290,30,2,10,1,12
3,2968,1880,1019,890,7,2,1,1,9
3,3762,1479,645,327,24,10,0,1,12
1,892,1271,1788,1260,2,13,1,0,15
0,467,709,1422,570,13,11,15,1,17
0,345,1744,1558,621,62,6,0,1,10
3,3033,1314,1858,328,40,8,1,1,9
2,2110,1136,1767,1307,9,5,2,1,9
2,3105,1039,618,497,56,8,13,0,14
0,874,1300,1037,219,62,3,7,1,15
3,3681,732,1554,1163,39,3,11,1,19
2,3865,511,759,128,52,3,10,1,8
0,737,1092,571,468,11,4,14,0,14
3,3153,921,1469,1272,10,2,18,1,8
2,2800,1030,551,503,37,6,8,1,8
0,315,1130,1579,1495,27,5,8,1,14
1,1412,1299,1838,1333,60,2,6,0,13
2,2286,1009,1841,267,2,8,15,1,19
2,2392,1735,876,149,34,15,17,1,17
1,1857,1129,1079,1070,49,4,2,1,8
0,1419,708,620,206,26,6,1,1,10
2,3305,894,747,158,58,7,3,1,12
0,959,530,1012,128,32,7,20,0,17
2,2635,1481,522,249,35,16,0,1,17
1,1754,1068,1499,935,45,7,1,1,17
2,2563,1487,768,140,57,4,12,1,18
1,1936,1524,740,184,41,2,20,1,7
1,1869,1093,807,238,22,5,14,1,8
3,3637,1816,1089,800,50,7,2,0,11
0,896,627,507,211,20,6,8,0,17
1,2349,989,804,670,51,2,15,1,10
1,774,1895,1335,725,5,4,11,1,15
2,3397,805,1544,128,58,6,10,1,7
0,485,713,1378,1211,2,6,9,1,10
3,3964,864,1378,1362,24,8,15,1,13
1,1887,1177,1923,945,11,5,7,1,8
2,2977,582,1702,1043,32,2,11,0,6
2,2114,1898,739,444,56,5,4,1,10
1,1542,1158,1796,311,29,9,20,1,17
3,3038,1451,1456,812,57,7,12,1,15
2,2481,1820,1884,202,51,9,10,0,11
0,841,984,707,531,9,15,20,1,18
2,3565,580,898,404,24,11,5,1,12
2,1958,1263,1609,954,5,6,3,1,9
2,2454,1237,603,274,27,2,5,1,14
3,3392,514,1723,956,37,8,9,1,12
0,262,1515,1593,1438,56,4,1,1,14
0,530,721,1988,1446,6,4,9,1,8
3,3703,603,1057,692,35,2,16,0,13
2,2562,1426,1032,777,55,2,7,1,5
1,574,1820,1951,1157,64,2,3,1,10
2,2632,1215,1473,454,16,2,8,0,7
0,259,697,1477,478,20,6,6,1,12
0,688,717,1106,217,10,7,5,0,10
2,2554,1348,741,468,36,2,6,0,19
3,3859,1164,1656,1107,61,10,6,0,11
2,2977,578,1134,626,62,12,13,1,15
0,571,1971,922,485,40,7,19,1,8
0,402,1794,627,128,55,7,7,1,14
0,878,1558,1385,322,32,5,3,1,16
2,2130,1597,1145,880,4,3,19,1,8
3,3260,1240,1756,1511,39,2,9,0,13
0,454,1994,711,667,7,8,4,1,11
2,2638,1221,1899,765,35,16,19,1,19
2,2819,989,679,614,24,13,17,1,16
1,1464,1180,1252,925,50,3,20,1,7
1,1824,718,1387,1185,59,9,13,1,11
1,876,1670,1886,1706,47,2,15,1,16
2,2706,534,1477,347,21,5,9,1,7
1,659,1566,1930,1603,20,9,0,1,14
0,455,1935,860,806,29,2,9,1,9
2,2378,504,1539,1207,54,11,10,1,17
1,2278,913,1144,431,41,3,14,1,15
3,3436,1317,613,179,43,13,3,0,16
3,3424,917,909,423,31,2,2,1,19
0,401,712,1743,1131,49,2,3,1,5
0,681,1083,1469,925,52,18,20,1,19
2,3212,1039,544,128,6,7,8,1,15
3,3105,1747,873,800,13,2,12,1,7
1,2036,1449,947,211,52,2,0,0,5
3,3153,1872,1389,128,49,15,18,1,16
1,1642,1796,798,667,7,4,6,0,9
0,509,1097,519,405,60,12,17,1,15
3,3465,1562,1676,678,20,11,10,1,16
3,3900,1433,1651,1619,27,16,12,1,18
0,1105,740,1147,935,12,6,11,0,7
1,2064,676,1011,864,39,7,5,1,13
3,3117,503,1688,1495,13,6,4,1,19
1,1142,1020,1613,870,7,9,18,1,13
1,1060,896,1469,1379,4,10,4,1,12
2,2381,1824,1738,1055,19,2,5,1,14
3,3366,1512,1838,220,54,3,2,1,7
0,1339,1053,1261,419,42,2,17,0,17
3,2560,1944,1362,1111,31,3,10,1,7
0,285,1174,1461,1097,25,7,8,1,19
1,2476,627,819,447,12,2,17,1,17
1,1862,1602,1062,273,46,9,5,1,16
3,3488,1733,997,590,6,4,15,1,6
2,3178,586,598,128,8,7,14,1,9
0,733,1528,564,306,37,2,3,1,15
0,756,875,1316,300,23,5,7,0,14
3,3622,1602,1746,1259,58,2,13,0,17
1,1277,1426,1694,1573,12,9,16,1,14
3,3703,1370,1783,1392,6,10,8,1,13
1,1905,609,1524,128,10,3,6,1,16
2,2636,840,1728,526,15,2,8,1,12
2,2014,991,1678,1209,12,9,6,1,11
3,3056,1724,828,655,9,16,1,1,18
0,465,584,1622,1123,19,8,0,1,12
3,3869,860,979,692,49,14,13,1,16
1,1108,1541,1052,796,28,2,15,1,12
1,1906,615,1958,1021,58,5,8,1,14
0,851,912,1310,995,46,4,11,1,8
3,3142,1278,1504,1244,60,4,14,1,11
0,1300,1365,970,293,31,7,0,1,14
2,1430,1702,1931,1240,36,6,9,0,8
0,362,589,1858,759,59,10,4,1,16
2,2456,1347,1528,398,56,2,19,1,13
2,2360,1644,791,358,44,4,0,1,7
3,3700,956,1614,403,42,2,11,1,10
2,2620,1089,1409,211,2,5,20,1,7
0,437,871,1437,194,52,7,3,1,14
3,3774,664,1472,1076,6,5,19,1,11
1,1218,1874,1418,1238,19,10,9,0,15
0,696,1928,1004,229,5,12,16,1,14
3,3407,888,1683,327,33,2,17,1,12
3,3902,1077,1892,135,58,3,13,1,9
1,2086,1023,1744,128,30,2,7,1,10
1,1356,1426,1163,715,42,9,10,1,15
0,1704,831,621,511,26,5,11,1,6
3,3571,1496,1383,549,6,2,9,1,16
1,2132,1433,784,420,5,15,11,1,18
3,3209,1095,1066,838,44,11,5,1,13
1,2096,643,1400,314,23,6,9,1,13
1,1273,1142,1766,739,6,2,0,1,19
2,3623,730,846,128,27,4,10,1,9
0,368,1901,1662,128,41,2,17,1,5
1,854,1510,1520,963,32,2,8,1,8
3,3646,1924,1923,1438,59,9,0,1,10
3,3130,1825,1773,1621,17,4,18,1,12
3,3784,1275,501,128,5,4,9,1,13
3,3885,987,1274,887,17,2,17,1,11
1,1494,1538,986,567,13,10,7,1,18
3,2973,1965,676,584,29,2,13,1,11
0,1471,808,974,496,20,4,14,0,13
1,2001,712,1309,1245,27,10,11,1,11
1,1486,1507,888,682,42,3,0,1,15
0,1321,912,794,724,47,2,6,0,7
1,1877,769,1454,1384,17,2,4,0,18
3,3499,948,1654,257,22,7,20,1,11
1,2124,507,1084,128,39,2,0,1,6
1,1221,1384,1210,983,60,12,18,1,18
2,2316,1766,1306,439,29,2,20,0,19
1,1068,1407,1206,925,16,2,6,1,6
1,1930,614,603,409,24,12,7,1,13
1,1316,1972,952,293,14,2,18,1,8
1,1742,1039,1878,384,47,12,9,1,18
2,3265,511,1285,149,34,7,13,1,14
2,2700,1811,568,447,5,7,16,1,13
2,2115,1159,1206,717,36,7,8,0,8
3,3915,1848,533,195,12,7,19,0,9
3,3144,1988,696,153,16,2,1,1,16
2,1571,1469,1850,1699,58,16,8,1,17
1,2253,1423,640,501,44,8,13,0,10
1,1433,1974,1496,530,10,2,12,0,6
2,2583,835,1378,396,42,2,18,1,15
1,1817,1429,1552,670,42,2,9,1,6
2,2915,947,887,193,51,2,15,1,17
3,3340,1446,1769,351,18,2,1,1,8
2,2790,1332,855,846,7,11,19,1,19
0,577,1498,1167,128,14,12,1,1,14
3,3220,1576,1386,1213,14,2,4,1,17
3,3488,1398,1284,755,26,3,12,1,14
1,1277,1885,1517,1406,14,6,15,1,9
2,3593,798,627,497,2,9,15,0,14
3,2736,1436,1836,1826,42,5,1,1,12
2,2311,1998,1356,128,31,9,19,1,17
1,1464,1321,941,817,63,6,9,1,7
1,1355,1021,1793,901,9,2,12,1,6
2,2382,1339,1269,212,40,4,1,1,6
1,1886,1210,1039,329,57,2,20,1,16
1,832,1949,1182,837,31,3,9,1,7
0,751,882,884,248,28,11,16,1,19
0,436,1549,1162,632,27,8,7,1,10
0,722,1991,613,366,42,5,13,1,6
0,1075,796,518,174,12,3,8,0,7
2,2802,1012,1195,882,39,2,6,1,8
1,1780,1318,1591,688,11,10,15,1,12
1,1247,1708,1345,263,14,16,16,1,19
2,3066,598,764,128,62,2,9,1,11
0,403,541,1226,1012,51,2,17,0,11
2,2518,818,1552,586,23,12,17,1,19
0,1069,1414,1233,294,15,6,0,1,18
2,2651,601,1827,818,6,8,11,1,14
2,2974,561,865,426,40,12,6,1,15
0,657,1616,1133,151,52,3,8,1,7
3,3372,1263,644,409,32,13,2,1,18
1,1464,1604,1156,641,63,9,2,1,15
0,1326,539,967,958,24,4,2,1,7
3,3393,1071,1970,1328,49,5,5,1,6
0,323,826,530,354,57,3,0,1,17
1,1628,771,1781,1709,62,3,8,0,9
3,2610,1811,1553,1099,33,3,2,1,8
3,3721,1842,1227,783,56,11,10,0,16
0,763,1420,1393,194,50,2,8,0,17
0,792,1763,1893,238,10,12,19,1,17
1,1568,1163,1076,919,2,2,20,1,14
1,1276,1805,891,758,29,4,2,0,19
3,3472,610,1273,1039,52,4,19,1,10
2,2520,1533,1393,1054,17,2,20,1,8
3,3423,1924,686,128,63,3,10,1,13
0,258,1801,1708,128,52,8,10,1,14
2,1868,1726,1804,1221,42,7,3,1,16
1,2171,794,1376,312,14,8,19,0,19
0,780,1686,1073,599,28,10,8,0,11
0,712,1444,1340,1274,6,5,1,0,17
0,1012,1004,581,128,30,4,1,1,7
0,318,1242,1796,315,28,10,9,1,11
3,3948,539,1709,1123,26,11,8,1,18
0,629,717,1981,1878,14,15,6,1,16
0,1161,1540,831,318,29,8,1,1,11
0,1403,672,1267,574,35,7,17,1,16
3,3707,1325,1915,1353,13,3,8,1,19
0,1305,950,1681,128,55,5,7,1,6
2,2926,948,1728,340,18,13,7,1,17
2,2674,1328,1156,602,27,2,18,1,7
0,471,1447,1062,963,40,4,5,0,8
1,1724,1973,507,128,21,10,7,0,12
1,1220,1731,1039,142,60,3,20,0,9
2,2754,1617,1079,274,63,10,10,1,19
0,594,1791,682,371,33,8,4,1,17
0,1005,851,1007,788,54,2,9,1,12
1,2439,856,1027,395,14,3,7,1,6
1,2302,714,1527,643,30,10,2,0,12
0,1083,951,935,854,15,11,17,1,16
2,2219,1303,1873,1335,10,3,15,1,9
2,1571,1550,1619,1541,32,3,5,0,12
2,2107,1759,1163,382,15,5,13,1,18
0,593,1448,1144,846,2,4,19,1,9
1,857,1987,1925,960,50,4,18,1,12
3,3518,908,941,154,44,12,2,1,16
0,1284,820,694,468,58,7,4,0,17
0,545,904,1496,1094,19,18,7,0,19
2,3566,667,870,272,6,5,10,1,9
2,2821,1109,1103,165,34,5,4,1,13
3,3442,1333,1301,394,59,16,5,1,18
1,1309,1352,1299,629,6,2,9,1,12
1,1179,1600,1713,831,19,3,9,0,10
1,1713,1454,910,903,37,2,20,0,16
1,1663,1489,1759,923,9,3,1,1,9
2,1812,1823,1250,362,10,2,19,1,5
1,1384,1581,850,693,41,9,19,0,19
1,1348,1672,1435,1250,44,6,4,1,11
3,3957,1283,1923,1135,27,15,6,1,17
0,1212,630,1448,128,14,8,13,1,12
3,3925,659,1877,924,24,2,2,1,8
0,348,1811,1132,204,32,11,0,1,17
1,1382,688,1957,376,40,7,20,0,12
0,980,514,1492,1083,18,7,8,0,13
0,838,1933,1473,229,16,2,9,0,14
0,378,915,1316,875,31,6,20,1,11
0,909,1006,991,128,22,4,8,1,18
3,3632,1134,903,128,13,8,19,1,17
2,3396,599,646,128,64,3,1,1,5
1,1861,973,588,128,53,10,7,0,13
0,348,1180,540,168,27,5,1,1,7
2,2528,1237,1004,128,13,8,12,0,11
1,2190,659,730,659,5,10,10,1,16
0,663,1142,855,534,6,4,8,0,12
0,961,1002,512,285,11,7,18,1,10
1,1280,1392,1098,482,44,2,2,1,8
2,2189,602,1717,1571,50,5,18,0,7
0,531,1249,1193,605,55,10,8,1,18
1,2331,531,1657,158,12,12,3,1,18
1,794,1450,1639,1573,31,5,4,0,11
2,2644,1342,620,128,50,2,8,0,7
1,1666,832,1431,343,22,4,8,1,15
1,2157,867,724,289,57,6,0,1,8
1,1196,1404,1880,1703,44,6,20,0,10
2,2072,840,1591,1482,33,8,7,0,10
1,1590,1368,925,907,42,2,20,1,12
3,2916,1927,1506,491,11,11,12,0,16
3,3707,1714,627,287,31,2,10,0,5
0,726,1201,1723,1151,10,4,5,1,11
3,3577,1796,1363,1024,44,7,11,1,17
2,2627,1147,1134,1085,28,3,13,1,18
0,685,776,1803,991,20,11,9,1,15
1,1693,510,1897,1052,33,2,10,0,6
2,2137,1045,1564,1078,40,8,7,1,11
3,3696,1497,977,128,10,2,20,1,9
3,3771,1425,1648,396,33,3,2,1,10
0,1342,726,978,323,40,11,20,1,16
1,1379,1576,1551,410,20,2,0,1,17
1,1164,714,1857,1750,11,12,6,1,15
1,908,1595,1988,1475,63,13,20,0,18
1,1019,541,1873,1836,10,9,0,1,19
3,3685,1617,676,283,29,2,20,0,13
1,1470,1154,1240,539,5,2,13,1,12
2,2299,1638,563,440,2,9,11,1,19
0,999,1150,800,397,39,2,1,1,6
2,3011,1254,1021,204,44,4,10,1,7
3,3142,1806,727,347,54,2,11,1,13
1,1543,603,1284,1003,12,5,20,1,7
3,3692,1834,1987,128,40,2,11,1,13
1,2753,520,519,264,31,7,14,1,13
1,2156,565,703,543,50,6,8,1,13
2,2637,1689,675,467,9,4,15,1,8
0,331,742,925,875,21,8,1,1,11
1,1214,1143,1724,1116,22,5,6,1,12
2,2248,761,1945,1325,3,3,15,1,19
3,3073,959,1331,1313,36,2,14,1,19
0,422,772,1802,552,8,6,8,1,7
1,2293,1015,679,335,12,2,14,0,5
3,3958,1824,1105,128,2,2,14,1,12
0,432,1130,1327,593,29,2,14,1,6
0,1152,1183,1010,268,48,3,12,1,8
0,1303,574,1364,382,26,4,2,1,8
0,797,1472,892,443,20,2,6,1,6
0,298,1868,884,576,40,2,17,1,8
3,3847,1375,679,596,20,2,7,1,8
1,2110,881,636,128,64,9,6,1,18
2,1921,1742,1407,356,43,2,7,1,9
2,2423,1225,1567,128,60,11,15,1,17
2,1658,1970,1684,1399,15,9,0,1,15
1,2361,1186,584,128,21,8,4,1,17
1,1380,1762,790,643,60,5,10,1,14
3,3892,1731,1988,809,4,2,18,1,5
0,315,852,1349,683,8,6,9,1,7
1,2289,848,527,128,36,2,16,1,10
2,2182,1575,818,492,11,3,20,1,7
2,2184,1554,1492,699,23,9,18,1,13
3,2872,1972,804,290,48,2,2,1,7
1,2367,827,826,128,35,3,17,1,5
1,1919,1063,849,394,3,10,10,1,12
3,3296,1695,1742,713,34,6,10,0,17
0,462,1343,1205,1063,14,7,10,1,18
1,1591,834,1463,1421,27,9,16,1,11
0,1593,595,816,623,20,11,18,1,19
1,2456,1081,816,128,42,4,17,1,7
3,2933,911,1692,1563,14,3,4,0,16
3,3154,844,1995,777,22,11,2,1,14
3,3615,1335,559,128,60,2,4,1,5
3,3563,1883,915,203,24,10,16,0,17
1,1440,1128,1226,938,33,15,7,1,17
1,1907,826,1183,1077,57,14,17,1,15
0,324,1650,881,773,38,10,1,1,14
1,1404,1162,866,332,50,3,10,1,10
2,2738,1517,1645,570,8,16,18,1,18
2,2722,963,821,742,60,6,3,1,12
3,2294,1837,1539,1420,12,7,6,1,8
1,1424,1028,1923,1801,30,4,10,1,18
1,1133,1831,1790,1693,55,3,9,0,14
0,555,571,1536,128,58,10,11,1,19
3,3785,1770,1373,1098,9,10,5,1,13
3,3675,970,1786,1765,59,2,19,0,12
0,435,642,1775,887,38,2,10,1,9
2,3183,622,1964,760,11,2,14,1,5
2,3495,600,1032,486,6,4,15,1,17
1,1853,1412,660,128,57,10,10,0,15
2,2648,733,1787,202,16,2,12,1,12
2,2647,1070,1614,128,19,13,16,0,14
0,702,875,853,469,30,15,8,1,19
2,1836,1994,1546,128,5,11,7,1,12
3,3894,823,1350,1180,18,10,16,1,13
3,2944,1908,1046,140,30,17,19,1,19
3,3424,790,1437,1100,44,11,8,1,13
2,2678,1330,892,194,40,4,5,1,9
2,2424,1660,569,440,15,5,8,1,12
3,2671,1776,1803,1563,20,10,16,0,15
2,3078,1611,1011,163,27,2,10,1,15
2,2304,1410,1311,192,15,4,1,1,18
1,1146,1772,1405,837,45,2,18,1,6
1,2335,1280,588,356,39,4,1,1,6
1,1422,1712,663,155,23,2,19,1,5
2,2096,1562,1776,1032,55,3,1,0,15
0,1303,891,1435,128,18,16,3,1,17
1,1115,1957,1727,1194,36,2,19,1,16
0,456,1110,1262,1179,42,8,2,1,12
3,3396,875,969,902,43,2,3,1,14
2,2750,1211,963,128,28,2,3,0,6
0,941,769,1780,1385,54,8,19,1,15
2,2278,671,1617,614,2,4,19,1,13
2,2273,1872,1088,672,26,4,10,1,8
2,2355,1076,1718,1088,14,16,0,1,17
2,2328,1325,695,499,50,10,10,1,17
1,2638,911,763,157,28,4,2,1,8
0,558,1273,1399,485,23,5,14,1,8
0,1345,1062,817,571,39,2,4,1,16
0,425,1317,542,431,12,2,9,1,7
1,2192,940,1090,499,16,13,1,1,15
2,3397,729,1055,563,14,15,2,1,19
1,1208,1494,1003,944,3,13,17,1,14
0,267,1546,1491,1138,27,10,6,1,12
3,3518,1253,647,161,34,3,10,1,7
2,3122,895,1575,128,16,2,14,0,7
0,1050,793,1196,128,43,9,2,1,11
3,3358,1628,1713,500,56,11,13,1,17
2,2929,625,1771,203,42,4,3,1,10
0,624,1110,1950,961,12,7,5,1,9
1,1598,999,1970,608,49,2,17,0,7
2,2052,1856,1155,277,24,6,1,1,17
1,1249,1715,1849,128,15,2,20,1,16
0,412,1897,738,630,54,11,7,1,17
0,595,1202,1742,404,19,2,1,0,19
0,263,1171,755,248,19,5,19,0,6
2,2577,964,1234,225,22,16,0,1,17
0,639,1973,851,699,46,2,10,0,6
3,3206,1992,895,649,2,9,14,1,10
1,1550,546,1658,416,26,2,15,0,7
1,1646,1093,1420,1310,31,2,12,1,12
2,1930,1880,1983,930,35,7,14,0,17
3,3695,1765,1175,835,11,5,7,1,6
3,3235,1640,1806,664,36,2,11,1,6
2,2334,1830,1583,460,7,7,12,0,8
1,1998,826,1615,778,62,4,19,0,17
2,2258,1864,1545,225,7,2,2,1,10
1,1869,586,1118,785,42,2,17,1,12
2,1825,1206,1713,1581,30,2,13,1,7
3,3946,832,1944,128,5,5,2,1,12
0,436,848,1294,128,8,6,3,1,10
2,2678,1851,1175,174,53,2,2,1,6
3,3887,1166,638,437,59,6,11,1,8
1,1813,1776,623,278,35,13,16,1,16
0,817,1254,1372,1288,27,2,10,1,14
3,3614,1494,1190,979,24,12,17,1,15
1,2013,984,1931,128,39,7,18,1,11
0,543,1179,1429,913,5,7,17,0,8
2,3400,513,710,282,27,6,13,0,16
1,2623,557,710,322,17,16,4,0,17
2,2700,744,1963,1252,33,3,2,1,9
1,1400,1129,1702,1128,21,2,10,1,11
2,3127,1148,688,606,58,7,20,1,10
3,2803,1793,1459,655,44,9,17,1,19
2,2518,1310,970,954,15,17,11,0,18
3,3564,1604,1042,128,6,2,15,1,7
2,2515,1676,1197,134,37,8,3,1,14
3,3654,1001,1836,922,40,9,7,1,13
3,3930,1086,1976,1874,24,2,19,1,17
3,3476,1986,599,251,39,8,19,1,11
3,3242,634,1853,1362,41,11,12,1,18
2,2666,502,1159,281,52,4,8,1,5
2,1695,1641,1994,224,48,6,7,1,13
2,3510,623,844,778,15,4,1,1,14
3,3438,962,1424,546,17,3,20,0,14
1,2033,1057,891,397,41,9,10,1,16
1,1017,1862,1046,386,62,3,2,1,11
1,1686,555,1970,214,38,2,10,1,8
0,862,1000,833,461,58,2,12,1,7
0,957,841,675,128,11,5,14,1,6
3,3494,865,1009,335,16,3,12,0,13
2,3083,999,1641,342,56,4,13,1,8
1,1656,1232,761,625,30,4,14,1,8
0,313,1194,509,494,34,2,12,1,15
3,3282,612,1487,1145,20,2,6,1,16
3,3629,1362,1042,600,47,17,4,0,19
1,1687,1469,711,484,44,5,14,1,15
0,1149,986,679,199,28,7,20,1,8
3,3899,1843,832,128,62,4,7,1,5
2,1783,1561,1811,885,4,12,13,1,13
1,1629,1695,1208,308,47,6,13,1,8
2,2528,667,1947,1015,8,8,7,0,11
3,3256,1768,1814,1303,2,6,2,1,9
2,2341,1269,1036,406,41,9,17,0,10
2,2785,1109,833,128,57,10,12,1,15
3,3761,936,1677,150,14,2,17,1,13
1,1513,1713,1963,128,5,6,16,1,15
1,2240,1175,557,128,45,6,7,1,10
1,820,1940,1809,588,5,18,1,1,19
1,1875,855,1196,1028,59,8,3,1,16
0,920,771,1247,776,33,2,17,1,16
2,3615,645,584,278,63,8,14,1,18
1,1412,1307,1103,897,7,9,3,0,16
0,361,1948,700,651,5,2,13,0,6
1,1540,1509,1684,1010,50,8,8,1,12
0,1077,626,1759,737,11,2,9,1,6
3,3610,1190,1646,1399,40,7,1,0,13
0,512,1727,1288,376,57,2,18,0,5
3,3024,1670,1330,1117,62,2,20,0,6
1,1610,1150,1947,234,27,2,17,1,11
1,2201,1208,1028,691,16,16,19,1,17
3,3338,1812,1550,380,42,13,15,1,18
3,3473,770,1483,603,61,3,9,0,7
1,2203,1559,681,128,10,5,17,1,7
1,940,1902,877,766,13,10,11,1,14
1,1155,1751,1952,1499,4,14,9,0,19
3,3872,1416,1578,1175,20,2,0,0,10
2,1882,1288,1503,988,61,6,6,1,16
1,1798,1003,1905,190,16,7,19,1,16
3,2598,1715,1375,674,18,2,3,1,17
1,1567,1967,1374,518,46,2,7,1,15
1,1491,962,1916,1618,2,2,20,1,16
2,2003,1487,989,857,42,4,7,1,12
3,3905,1569,665,371,54,2,6,1,6
0,291,1146,583,128,57,9,10,1,19
1,1693,1379,755,128,9,4,13,1,11
1,1788,1504,1853,395,25,11,9,1,13
3,3322,1945,1540,1064,26,7,5,0,18
2,1751,1630,1726,712,32,10,1,1,12
1,1641,1125,939,774,23,8,14,1,14
2,2854,614,1040,1012,51,7,7,1,10
2,3115,854,1148,730,17,2,9,1,7
3,3259,1470,1090,777,45,2,9,1,10
2,1612,1826,1633,973,49,9,6,1,17
1,2319,807,829,245,37,4,0,0,5
1,1258,1996,1083,937,7,14,4,1,17
1,1543,1083,1164,937,41,3,5,0,18
3,3991,1035,1171,574,49,4,15,1,12
3,3555,1521,1630,678,62,2,9,1,5
3,3411,1314,512,128,5,16,18,1,17
0,524,535,1775,398,24,3,19,0,9
3,3541,673,1570,1096,35,17,14,1,18
2,1998,1219,1698,1419,4,2,7,0,9
3,3437,1606,770,157,33,2,0,1,11
1,1637,1603,1207,430,17,3,8,1,17
3,3064,1958,1848,1524,52,6,14,1,7
2,2855,695,1829,1649,12,13,19,1,16
1,1393,1441,954,254,53,4,12,1,9
2,1633,1470,1988,1790,33,4,10,1,18
3,2392,1890,1832,1438,48,4,5,1,10
3,3284,1152,1673,1304,26,2,0,1,15
0,464,1619,1180,813,20,5,9,1,7
0,1234,1002,1007,948,45,13,7,1,19
0,292,742,1288,1161,36,2,1,1,8
2,2521,1306,1258,867,33,5,9,1,6
2,2658,1424,1199,181,20,2,0,1,15
0,587,942,1532,754,27,3,9,0,6
2,2190,1934,1127,242,2,2,16,1,18
0,879,1290,742,405,35,2,20,1,16
2,1743,930,1763,1569,54,2,13,0,7
1,1181,1699,1099,128,21,2,20,1,16
3,3330,1849,1986,978,29,4,12,1,14
3,3564,1922,1882,725,42,2,16,1,12
0,562,548,1657,657,56,14,14,1,17
1,1659,916,1393,1147,47,10,1,1,11
2,1816,1783,1566,910,14,7,11,0,12
0,1338,1083,503,295,49,8,9,1,16
2,2992,1698,508,128,7,3,12,1,15
0,315,1969,764,332,7,7,20,1,16
2,3249,869,533,519,2,2,3,0,19
2,3242,1337,1029,161,5,2,1,0,10
2,2725,637,1289,1080,28,10,6,0,15
0,586,833,1290,649,27,8,2,1,19
2,2454,1248,1686,128,9,8,8,1,9
0,804,1174,1244,744,30,14,20,0,17
2,2460,1831,1113,437,44,5,14,1,10
0,1295,1002,1111,128,27,15,10,1,18
2,2625,1010,957,547,8,11,3,1,15
1,1999,1117,1035,495,21,9,19,1,15
2,2698,990,1717,1466,15,8,7,1,11
3,3742,1564,1115,128,26,3,16,1,13
1,1193,1065,1722,760,21,13,3,1,16
3,3511,1982,1873,764,24,14,16,1,16
0,885,1607,1005,776,20,2,8,1,11
0,1044,1066,1504,128,5,7,7,1,8
2,2548,681,1702,371,17,2,19,1,6
2,2940,1163,818,728,19,2,1,1,13
3,3966,1285,1896,1791,11,15,7,1,17
3,3484,753,1316,606,48,10,20,1,11
1,1246,1779,1717,1225,5,2,3,0,12
2,2757,987,736,419,52,12,8,1,17
1,2378,511,1264,367,24,3,18,1,18
1,1794,1044,1263,1230,12,7,5,1,18
3,3933,1855,1161,267,32,2,18,1,7
0,1637,946,891,273,26,3,10,1,7
0,783,657,1905,705,21,2,8,1,6
2,3094,1673,679,214,42,4,6,0,12
1,1774,731,1032,424,28,8,0,1,12
0,256,926,793,128,59,7,14,1,18
1,1365,1261,1429,605,52,3,9,1,9
2,2339,618,1586,1175,45,2,20,1,19
1,2049,936,938,657,57,8,6,1,12
3,3241,1485,1023,371,28,11,1,1,14
0,867,1339,1441,833,21,3,11,1,8
1,2175,508,1195,128,50,4,9,0,14
3,3497,1938,1935,1299,44,10,9,0,18
0,609,995,1889,258,10,3,3,1,11
2,3285,1086,1150,128,43,5,1,1,11
3,3684,1322,708,443,35,8,3,1,15
3,3586,1864,1793,1279,57,9,6,0,19
2,2322,1944,712,313,26,8,9,1,19
0,354,581,565,523,56,4,10,1,10
3,3204,1020,1482,919,27,2,4,1,18
1,1400,1936,1021,570,44,7,3,0,17
1,2308,1329,682,380,23,10,6,1,11
0,1082,808,529,128,46,5,15,1,15
2,3104,994,839,296,40,7,17,0,17
2,2847,1811,614,358,22,2,8,1,9
2,2256,765,1851,1364,44,2,11,0,6
0,1113,993,1639,424,16,2,13,0,14
3,3210,1136,1030,961,32,3,19,1,10
3,3990,719,1727,431,23,9,9,1,14
0,984,733,1739,950,63,4,10,1,17
3,3117,1946,1849,647,8,2,19,1,6
2,1622,1230,1963,1960,48,17,2,1,18
3,2967,1577,1432,128,64,3,7,1,7
0,1037,1514,538,306,12,3,4,1,15
2,2908,579,1517,808,7,4,10,0,12
0,1167,574,1334,128,30,3,3,1,5
2,2715,1072,877,380,19,9,16,0,15
1,1734,843,732,593,16,8,4,0,17
3,2259,1492,1746,1684,11,12,7,0,14
3,2921,1807,1415,1221,16,5,0,0,8
0,1244,909,1643,410,47,10,9,0,14
3,3132,1876,1211,600,64,2,19,1,17
2,2488,1436,1411,189,23,4,4,1,8
0,1052,1251,591,308,29,9,16,1,11
2,2927,636,742,148,28,6,15,1,15
1,2090,1354,918,297,26,2,6,1,5
2,2131,930,1726,1050,34,2,16,1,7
3,3362,1830,1882,1191,47,10,11,1,13
1,1053,1424,1663,1399,23,11,18,1,14
1,1799,583,1794,1658,51,9,2,0,16
3,3124,648,1817,1153,54,2,20,1,5
0,1672,1203,510,128,11,13,12,1,17
1,1552,1777,874,553,15,8,7,1,10
1,1938,1299,908,128,64,8,6,1,19
3,3202,1494,1177,207,47,2,9,1,13
0,1302,527,1924,128,53,7,11,0,13
1,2296,793,1006,818,64,2,2,1,12
0,575,873,1411,1257,8,8,9,1,15
1,2359,722,1371,138,12,6,20,0,13
2,3314,1250,1020,128,20,5,18,1,6
0,440,1358,1635,889,60,10,1,1,14
1,2002,1035,1709,831,11,8,10,1,17
3,3167,1289,1854,713,16,8,17,1,14
3,3480,1445,1393,527,37,16,6,1,17
1,595,1702,1643,1284,47,2,19,1,10
2,2466,534,1220,911,2,3,16,0,5
1,1337,628,1534,1047,60,7,6,0,12
0,1462,713,1477,128,53,18,17,1,19
0,503,1207,681,406,58,3,0,1,7
1,2066,683,1135,927,30,2,8,0,9
0,708,594,528,407,27,5,2,0,17
1,2029,537,1430,1041,55,5,2,1,10
0,308,1565,1364,781,38,17,1,1,19
0,552,1052,1839,1191,6,2,16,0,6
1,2082,713,1760,128,63,10,8,1,15
3,3314,1766,1227,128,16,7,7,0,9
3,3996,584,1343,919,19,9,4,1,12
1,1795,1541,1656,536,5,3,10,1,7
0,594,837,1831,638,51,6,15,1,16
2,2473,935,1087,639,58,4,12,1,10
0,690,665,1804,496,31,2,2,1,5
3,3845,680,1418,686,34,2,17,1,15
1,2004,877,1985,1064,17,8,0,1,11
2,2083,1493,1414,240,53,15,16,0,19
2,2661,1762,704,525,26,7,14,1,9
1,1903,842,730,348,57,4,10,0,8
2,2466,925,1520,1262,56,2,14,1,8
3,3779,1692,1904,1899,2,3,17,1,9
3,3904,1576,789,258,5,2,17,1,5
0,265,1065,1948,1188,48,2,8,1,8
0,1417,958,751,730,60,4,12,1,10
1,1769,623,1238,484,26,2,12,1,10
2,2948,897,1852,547,17,3,2,0,12
2,2572,1110,1455,800,41,5,16,1,16
2,3267,616,513,347,21,9,4,1,17
1,1459,1680,1231,679,37,3,7,1,15
2,1633,1715,1676,1224,12,10,6,1,15
1,2052,983,1205,948,45,3,11,1,5
0,1086,720,1234,366,14,7,14,1,14
2,2402,1660,1777,223,24,10,3,1,12
3,3376,1564,1962,1619,42,2,2,0,7
0,1507,592,970,332,52,2,10,0,5
0,641,969,909,167,44,2,7,1,9
3,3451,1356,951,782,35,2,19,1,5
0,1607,504,1129,881,14,2,9,1,15
3,3521,1546,1317,128,6,11,4,1,15
0,1241,689,722,487,7,2,6,1,9
0,881,1685,1429,128,16,3,15,0,6
3,2563,1792,1913,1626,62,14,8,1,18
3,3033,1786,865,128,61,11,14,0,14
0,769,1944,1079,634,59,13,10,1,19
3,3454,1077,1079,334,49,11,14,1,17
0,819,648,1811,931,60,3,4,1,10
0,435,1702,1351,921,2,9,19,0,12
0,586,1571,956,805,30,9,3,0,10
0,650,856,1931,1057,19,2,19,1,17
3,3038,1786,912,616,14,2,15,1,18
3,3736,914,840,740,60,8,4,1,14
2,2948,1615,678,542,9,3,13,1,8
0,739,649,1551,344,19,2,12,1,18
0,686,1646,1608,211,25,6,5,1,8
0,841,1189,615,128,7,10,20,0,13
0,1183,1043,893,887,29,3,17,1,5
3,3943,1920,1152,670,19,2,8,1,13
0,1037,1220,1249,383,54,4,20,1,6
2,2633,1748,1109,718,53,2,20,1,16
3,3911,907,896,144,44,6,12,0,13
2,1958,1193,1904,1442,20,5,13,1,7
3,3297,1766,1318,291,22,5,4,1,7
3,3141,1278,1775,1352,24,2,16,1,6
2,3351,1234,725,209,17,9,15,0,12
3,2355,1961,1888,861,55,7,20,1,14
1,1308,1745,1629,426,3,2,0,1,5
0,991,1442,642,266,27,8,8,1,14
2,3248,1083,542,523,39,6,2,1,8
0,1519,868,1311,128,5,2,7,0,13
0,493,864,1436,262,53,9,1,1,18
1,1747,1142,769,623,2,2,0,0,7
1,2517,608,1351,128,64,8,0,1,16
1,1389,983,1176,1001,53,8,4,1,17
2,2522,1720,896,334,2,5,20,1,10
2,1885,1802,963,453,27,9,16,1,10
0,704,591,1726,952,16,5,20,1,14
0,953,1205,1870,321,10,11,10,0,18
3,3206,1369,1469,1451,28,15,18,0,16
0,928,713,1123,1048,42,10,14,0,12
1,2177,1082,724,398,2,2,20,0,12
2,2610,1719,520,417,52,2,1,1,10
0,489,1544,844,470,12,4,20,1,9
3,3839,1090,1670,1217,8,3,8,1,17
1,1861,1991,1037,298,15,5,13,1,8
0,299,1367,642,128,56,2,6,0,6
0,340,1179,1451,128,32,5,12,1,16
3,3606,721,1255,655,15,2,18,1,10
0,799,1549,990,167,62,3,4,1,7
1,2367,1349,623,212,46,7,12,1,11
0,445,1799,1386,617,30,8,9,1,10
3,3927,1075,1769,271,11,3,16,1,8
3,3756,684,1738,159,63,5,9,1,17
0,770,1837,872,786,36,2,20,0,14
1,1641,1619,562,128,21,2,9,1,7
2,2343,965,1275,645,13,12,2,1,17
2,2787,730,1677,1371,9,8,15,1,10
2,2495,1361,1382,881,47,7,2,0,8
3,3208,1494,790,449,45,9,4,1,11
0,1234,1027,534,338,18,4,11,1,7
1,1069,1807,1814,1332,38,6,0,1,7
3,3568,709,1531,128,11,14,11,0,16
3,3585,689,823,256,45,2,11,1,10
1,1974,955,1254,428,2,2,10,1,14
3,2419,1872,1879,1546,35,5,14,0,15
0,340,1259,1989,1210,13,13,0,1,17
1,2282,695,1211,789,41,2,8,1,5
0,298,1969,756,390,63,2,11,1,10
0,968,759,1317,128,39,2,8,1,6
2,2391,936,1686,1330,18,6,18,1,12
1,1534,1176,1455,674,62,2,10,1,6
0,696,1802,590,253,10,7,9,1,14
2,2782,772,1805,317,23,2,11,1,7
0,755,1318,661,183,45,3,7,1,18
3,3746,591,1603,892,16,2,17,1,5
1,2651,569,605,388,41,7,1,0,17
0,1341,764,539,128,45,2,11,1,19
2,2651,1056,979,914,37,5,11,1,15
1,1824,1982,593,287,12,3,20,1,13
2,1905,1830,1353,773,14,3,6,1,16
1,1456,1122,1163,675,40,3,14,1,9
3,3155,1023,1985,367,63,10,8,1,11
0,773,1283,980,510,33,7,15,1,17
2,1829,1602,1800,1325,35,17,7,1,18
3,3883,732,1836,1661,32,2,7,1,12
1,1675,1854,718,665,33,12,0,1,14
1,1601,718,997,662,30,9,12,1,10
1,1958,897,994,128,2,5,10,1,7
2,2376,1405,1036,284,8,6,7,0,19
1,1647,798,1951,661,21,2,12,1,12
3,3548,1035,1912,757,40,4,15,0,14
2,2694,1396,1177,560,37,3,15,0,18
2,2195,1749,775,470,49,4,8,1,5
2,2506,1588,822,146,4,3,20,1,5
2,2073,1600,1710,1315,16,5,16,1,9
3,3767,1522,1696,533,21,9,11,0,15
1,1150,1279,1633,560,7,2,6,1,7
0,841,719,1141,405,6,2,8,1,9
0,1675,544,610,227,7,4,15,1,13
0,1301,1007,831,479,21,6,12,1,8
0,1817,590,509,227,32,2,1,0,10
2,2321,1788,1022,149,6,5,16,1,7
1,1974,748,709,128,25,5,14,0,17
2,3433,757,819,128,64,5,5,1,6
1,1205,1561,874,662,27,7,10,1,12
0,872,1327,1721,441,23,5,16,1,7
1,2052,797,1466,888,18,3,20,1,9
3,3654,727,711,664,64,2,9,1,9
0,1503,686,745,128,36,2,1,0,10
3,3104,1515,1247,747,24,5,6,1,6
0,343,555,1010,956,17,14,12,0,19
3,3430,1589,1397,776,5,5,2,1,7
3,2470,1976,1933,652,45,2,19,0,11
1,1396,1884,1179,1168,24,8,4,1,15
2,2668,1063,582,201,27,5,7,0,12
0,1457,672,1127,724,61,10,20,1,14
2,2452,635,1299,599,16,17,17,1,19
1,1871,1906,629,128,55,5,4,1,13
1,1112,1753,1983,1652,40,2,11,1,8
0,967,659,657,190,3,2,6,1,10
2,2498,1583,1673,1171,14,6,4,0,13
1,387,1783,1979,1081,42,5,8,0,14
0,635,1667,1396,1211,21,7,0,1,17
2,2711,640,1353,976,6,7,20,1,15
2,2023,1913,742,675,29,13,4,1,17
1,2215,538,537,455,25,3,7,1,9
0,824,1191,807,128,46,18,9,1,19
3,3851,816,1651,1196,9,3,3,1,10
1,2156,915,986,503,33,3,16,1,7
3,2885,1157,1798,1694,27,4,8,1,8
0,495,1201,558,306,10,6,7,1,15
2,2358,1379,885,838,18,5,16,1,10
1,1744,1483,651,291,53,3,11,1,6
1,1832,1614,1219,173,9,8,2,1,15
1,2016,930,1289,1017,4,10,10,1,13
1,1300,1454,1018,698,6,2,20,0,10
2,2313,1784,1437,610,41,2,20,0,14
2,3248,1262,737,223,34,3,16,0,13
1,2216,797,1167,206,37,5,2,1,9
3,3142,1829,1919,1457,59,6,15,1,16
1,1850,1139,999,742,58,4,11,1,9
0,1424,618,724,591,13,12,15,1,15
1,1620,1547,957,347,57,2,3,0,9
1,2592,586,854,241,15,8,11,0,12
0,296,1617,1426,743,36,3,9,1,5
3,3579,1882,743,128,44,8,19,1,19
0,1180,674,1809,576,21,3,4,1,6
3,3962,1467,1099,888,18,11,0,1,15
3,3978,858,1416,528,50,16,2,1,17
0,668,794,1890,1222,2,4,14,1,13
2,2032,1965,1965,915,39,10,3,1,11
3,3057,1911,1632,868,36,2,3,1,9
0,869,1512,670,336,46,10,5,1,18
3,3919,510,754,483,45,4,16,1,19
